timestamp,edificio,piso,temp_c,humedad_pct,energia_kw
2024-05-01T06:00:00,A,1,26.77,55.01,19.12
2024-05-01T06:01:00,A,1,26.8,53.14,18.29
2024-05-01T06:02:00,A,1,26.21,54.61,17.84
2024-05-01T06:03:00,A,1,26.0,53.35,17.68
2024-05-01T06:04:00,A,1,25.91,55.57,17.76
2024-05-01T06:05:00,A,1,26.24,54.6,18.5
2024-05-01T06:06:00,A,1,26.09,54.58,17.78
2024-05-01T06:07:00,A,1,26.88,55.23,17.72
2024-05-01T06:08:00,A,1,26.74,54.29,18.16
2024-05-01T06:09:00,A,1,25.87,51.35,18.33
2024-05-01T06:10:00,A,1,26.38,53.89,19.24
2024-05-01T06:11:00,A,1,26.33,54.18,18.31
2024-05-01T06:12:00,A,1,27.19,55.85,17.44
2024-05-01T06:13:00,A,1,26.0,54.72,17.78
2024-05-01T06:14:00,A,1,26.69,55.27,16.99
2024-05-01T06:15:00,A,1,26.4,54.85,17.3
2024-05-01T06:16:00,A,1,26.44,53.44,17.55
2024-05-01T06:17:00,A,1,26.5,53.41,17.92
2024-05-01T06:18:00,A,1,26.89,52.58,17.22
2024-05-01T06:19:00,A,1,26.26,54.53,18.18
2024-05-01T06:20:00,A,1,26.84,54.2,18.78
2024-05-01T06:21:00,A,1,26.0,55.52,18.19
2024-05-01T06:22:00,A,1,25.96,54.95,17.29
2024-05-01T06:23:00,A,1,27.56,55.38,17.61
2024-05-01T06:24:00,A,1,26.45,54.36,18.65
2024-05-01T06:25:00,A,1,27.12,55.18,17.83
2024-05-01T06:26:00,A,1,26.48,54.28,17.28
2024-05-01T06:27:00,A,1,26.11,57.15,17.53
2024-05-01T06:28:00,A,1,26.09,55.12,17.94
2024-05-01T06:29:00,A,1,26.01,54.58,17.75
2024-05-01T06:30:00,A,1,26.29,53.99,19.03
2024-05-01T06:31:00,A,1,27.6,53.74,17.58
2024-05-01T06:32:00,A,1,26.13,55.49,17.33
2024-05-01T06:33:00,A,1,26.8,55.31,17.6
2024-05-01T06:34:00,A,1,26.44,54.53,17.78
2024-05-01T06:35:00,A,1,26.6,54.67,17.23
2024-05-01T06:36:00,A,1,26.26,55.73,18.46
2024-05-01T06:37:00,A,1,25.69,51.43,17.71
2024-05-01T06:38:00,A,1,26.31,54.76,17.49
2024-05-01T06:39:00,A,1,26.24,55.56,17.11
2024-05-01T06:40:00,A,1,26.27,54.39,18.62
2024-05-01T06:41:00,A,1,25.83,53.21,16.8
2024-05-01T06:42:00,A,1,27.02,53.98,17.33
2024-05-01T06:43:00,A,1,26.26,54.68,18.14
2024-05-01T06:44:00,A,1,26.09,55.53,17.75
2024-05-01T06:45:00,A,1,26.9,53.19,18.06
2024-05-01T06:46:00,A,1,26.13,54.99,17.27
2024-05-01T06:47:00,A,1,26.22,53.15,18.17
2024-05-01T06:48:00,A,1,26.27,54.49,19.11
2024-05-01T06:49:00,A,1,27.01,53.98,17.63
2024-05-01T06:50:00,A,1,25.9,54.95,18.3
2024-05-01T06:51:00,A,1,26.02,54.03,17.57
2024-05-01T06:52:00,A,1,27.1,52.78,18.61
2024-05-01T06:53:00,A,1,26.29,55.68,17.63
2024-05-01T06:54:00,A,1,27.02,54.54,18.73
2024-05-01T06:55:00,A,1,25.8,53.91,17.15
2024-05-01T06:56:00,A,1,26.75,53.99,17.55
2024-05-01T06:57:00,A,1,26.76,51.27,17.36
2024-05-01T06:58:00,A,1,26.51,54.3,17.7
2024-05-01T06:59:00,A,1,25.99,52.09,18.11
2024-05-01T07:00:00,A,1,25.78,54.13,17.82
2024-05-01T07:01:00,A,1,25.82,52.55,18.27
2024-05-01T07:02:00,A,1,25.98,51.56,17.47
2024-05-01T07:03:00,A,1,26.32,52.99,18.49
2024-05-01T07:04:00,A,1,26.42,53.1,17.46
2024-05-01T07:05:00,A,1,26.18,53.33,18.82
2024-05-01T07:06:00,A,1,26.88,54.48,17.56
2024-05-01T07:07:00,A,1,26.05,56.98,16.91
2024-05-01T07:08:00,A,1,25.99,53.48,17.19
2024-05-01T07:09:00,A,1,26.13,55.45,18.56
2024-05-01T07:10:00,A,1,26.09,52.22,17.19
2024-05-01T07:11:00,A,1,26.11,54.91,17.49
2024-05-01T07:12:00,A,1,25.96,52.67,18.61
2024-05-01T07:13:00,A,1,26.41,54.36,17.43
2024-05-01T07:14:00,A,1,26.7,53.26,18.57
2024-05-01T07:15:00,A,1,26.76,52.78,18.46
2024-05-01T07:16:00,A,1,26.5,54.14,17.34
2024-05-01T07:17:00,A,1,26.16,54.09,17.43
2024-05-01T07:18:00,A,1,26.3,53.88,18.36
2024-05-01T07:19:00,A,1,26.27,53.55,18.4
2024-05-01T07:20:00,A,1,26.12,51.21,17.49
2024-05-01T07:21:00,A,1,26.69,53.21,17.52
2024-05-01T07:22:00,A,1,26.15,53.41,17.78
2024-05-01T07:23:00,A,1,26.6,54.08,17.54
2024-05-01T07:24:00,A,1,25.81,53.14,17.54
2024-05-01T07:25:00,A,1,26.06,52.62,16.56
2024-05-01T07:26:00,A,1,26.14,52.35,17.86
2024-05-01T07:27:00,A,1,27.23,54.11,18.95
2024-05-01T07:28:00,A,1,26.22,52.51,18.7
2024-05-01T07:29:00,A,1,26.66,52.07,17.44
2024-05-01T07:30:00,A,1,26.47,54.27,17.54
2024-05-01T07:31:00,A,1,26.21,54.59,17.9
2024-05-01T07:32:00,A,1,26.76,52.12,17.65
2024-05-01T07:33:00,A,1,26.14,52.95,18.39
2024-05-01T07:34:00,A,1,25.9,50.75,17.45
2024-05-01T07:35:00,A,1,26.2,54.48,18.36
2024-05-01T07:36:00,A,1,26.24,53.0,17.92
2024-05-01T07:37:00,A,1,25.7,53.76,16.99
2024-05-01T07:38:00,A,1,25.63,52.73,17.99
2024-05-01T07:39:00,A,1,26.71,52.15,17.81
2024-05-01T07:40:00,A,1,25.93,52.69,17.78
2024-05-01T07:41:00,A,1,26.54,52.36,17.35
2024-05-01T07:42:00,A,1,25.05,53.92,18.3
2024-05-01T07:43:00,A,1,26.62,52.49,17.82
2024-05-01T07:44:00,A,1,26.66,53.46,18.13
2024-05-01T07:45:00,A,1,25.86,52.86,19.99
2024-05-01T07:46:00,A,1,26.5,52.08,17.34
2024-05-01T07:47:00,A,1,25.94,53.38,17.69
2024-05-01T07:48:00,A,1,25.91,52.11,17.41
2024-05-01T07:49:00,A,1,26.34,53.73,16.95
2024-05-01T07:50:00,A,1,25.91,52.87,17.33
2024-05-01T07:51:00,A,1,26.29,51.96,18.08
2024-05-01T07:52:00,A,1,26.1,54.2,17.35
2024-05-01T07:53:00,A,1,26.7,53.26,17.59
2024-05-01T07:54:00,A,1,26.1,54.61,18.24
2024-05-01T07:55:00,A,1,26.29,51.49,18.09
2024-05-01T07:56:00,A,1,26.21,51.61,18.79
2024-05-01T07:57:00,A,1,25.78,52.85,17.6
2024-05-01T07:58:00,A,1,25.95,52.25,16.12
2024-05-01T07:59:00,A,1,26.37,51.77,17.5
2024-05-01T08:00:00,A,1,25.37,52.62,17.14
2024-05-01T08:01:00,A,1,26.09,55.75,16.59
2024-05-01T08:02:00,A,1,25.53,52.7,17.15
2024-05-01T08:03:00,A,1,25.76,50.68,18.09
2024-05-01T08:04:00,A,1,25.71,51.46,17.06
2024-05-01T08:05:00,A,1,25.16,51.65,17.5
2024-05-01T08:06:00,A,1,25.38,54.13,17.48
2024-05-01T08:07:00,A,1,26.29,51.12,16.64
2024-05-01T08:08:00,A,1,25.62,51.2,17.96
2024-05-01T08:09:00,A,1,26.11,51.79,17.63
2024-05-01T08:10:00,A,1,26.27,51.36,16.97
2024-05-01T08:11:00,A,1,26.44,51.78,16.84
2024-05-01T08:12:00,A,1,25.96,52.51,17.12
2024-05-01T08:13:00,A,1,26.33,53.13,18.14
2024-05-01T08:14:00,A,1,25.82,54.1,16.5
2024-05-01T08:15:00,A,1,26.01,53.31,17.09
2024-05-01T08:16:00,A,1,26.58,50.6,17.76
2024-05-01T08:17:00,A,1,25.94,50.92,17.48
2024-05-01T08:18:00,A,1,25.36,50.68,17.63
2024-05-01T08:19:00,A,1,26.39,53.32,16.85
2024-05-01T08:20:00,A,1,25.71,50.62,17.27
2024-05-01T08:21:00,A,1,25.42,52.16,17.07
2024-05-01T08:22:00,A,1,25.56,53.86,17.32
2024-05-01T08:23:00,A,1,26.99,51.96,17.05
2024-05-01T08:24:00,A,1,25.11,51.9,17.95
2024-05-01T08:25:00,A,1,26.22,52.82,16.67
2024-05-01T08:26:00,A,1,26.53,51.4,18.13
2024-05-01T08:27:00,A,1,26.87,54.22,17.98
2024-05-01T08:28:00,A,1,26.6,52.08,15.96
2024-05-01T08:29:00,A,1,25.69,52.46,16.62
2024-05-01T08:30:00,A,1,25.85,51.28,17.15
2024-05-01T08:31:00,A,1,25.99,53.29,17.77
2024-05-01T08:32:00,A,1,26.02,52.79,17.3
2024-05-01T08:33:00,A,1,26.34,50.54,16.49
2024-05-01T08:34:00,A,1,25.78,52.95,16.35
2024-05-01T08:35:00,A,1,25.49,50.95,17.34
2024-05-01T08:36:00,A,1,25.79,52.82,16.2
2024-05-01T08:37:00,A,1,25.63,52.51,17.97
2024-05-01T08:38:00,A,1,25.16,52.53,17.77
2024-05-01T08:39:00,A,1,25.61,54.23,16.23
2024-05-01T08:40:00,A,1,25.21,53.33,16.88
2024-05-01T08:41:00,A,1,25.64,52.28,16.54
2024-05-01T08:42:00,A,1,25.54,50.16,17.29
2024-05-01T08:43:00,A,1,26.33,52.09,17.1
2024-05-01T08:44:00,A,1,26.25,52.8,16.47
2024-05-01T08:45:00,A,1,25.45,51.29,16.87
2024-05-01T08:46:00,A,1,25.99,52.03,16.23
2024-05-01T08:47:00,A,1,25.67,52.02,16.55
2024-05-01T08:48:00,A,1,25.25,54.96,17.63
2024-05-01T08:49:00,A,1,25.73,52.25,16.3
2024-05-01T08:50:00,A,1,25.13,50.6,17.2
2024-05-01T08:51:00,A,1,25.87,50.72,17.66
2024-05-01T08:52:00,A,1,26.1,50.38,16.28
2024-05-01T08:53:00,A,1,25.46,53.36,15.87
2024-05-01T08:54:00,A,1,25.67,50.96,17.37
2024-05-01T08:55:00,A,1,26.62,50.33,16.03
2024-05-01T08:56:00,A,1,25.58,52.76,16.79
2024-05-01T08:57:00,A,1,25.05,50.38,17.15
2024-05-01T08:58:00,A,1,25.59,50.67,16.5
2024-05-01T08:59:00,A,1,24.91,50.43,16.4
2024-05-01T09:00:00,A,1,25.29,52.27,16.31
2024-05-01T09:01:00,A,1,25.8,52.63,16.52
2024-05-01T09:02:00,A,1,25.29,51.77,17.49
2024-05-01T09:03:00,A,1,25.35,52.23,16.81
2024-05-01T09:04:00,A,1,25.32,51.26,16.56
2024-05-01T09:05:00,A,1,25.63,51.91,16.4
2024-05-01T09:06:00,A,1,25.08,51.24,16.86
2024-05-01T09:07:00,A,1,25.95,48.96,16.22
2024-05-01T09:08:00,A,1,26.47,51.02,16.91
2024-05-01T09:09:00,A,1,25.77,53.33,16.19
2024-05-01T09:10:00,A,1,25.42,48.17,16.96
2024-05-01T09:11:00,A,1,26.58,50.67,16.79
2024-05-01T09:12:00,A,1,25.43,50.37,17.22
2024-05-01T09:13:00,A,1,25.65,50.55,16.49
2024-05-01T09:14:00,A,1,25.18,48.47,17.14
2024-05-01T09:15:00,A,1,24.59,49.6,17.63
2024-05-01T09:16:00,A,1,26.34,51.04,17.04
2024-05-01T09:17:00,A,1,24.97,51.01,15.93
2024-05-01T09:18:00,A,1,26.38,51.04,17.32
2024-05-01T09:19:00,A,1,26.06,51.31,15.78
2024-05-01T09:20:00,A,1,24.56,53.7,15.51
2024-05-01T09:21:00,A,1,26.17,50.05,16.3
2024-05-01T09:22:00,A,1,25.64,52.25,16.91
2024-05-01T09:23:00,A,1,25.81,51.41,16.79
2024-05-01T09:24:00,A,1,25.76,51.97,18.15
2024-05-01T09:25:00,A,1,25.2,50.3,17.08
2024-05-01T09:26:00,A,1,24.92,52.31,15.52
2024-05-01T09:27:00,A,1,25.15,50.4,16.48
2024-05-01T09:28:00,A,1,25.33,52.94,16.4
2024-05-01T09:29:00,A,1,24.7,49.77,15.84
2024-05-01T09:30:00,A,1,25.0,50.28,16.02
2024-05-01T09:31:00,A,1,25.62,49.37,17.11
2024-05-01T09:32:00,A,1,25.81,50.41,16.56
2024-05-01T09:33:00,A,1,25.52,50.87,15.72
2024-05-01T09:34:00,A,1,24.88,49.78,17.17
2024-05-01T09:35:00,A,1,24.96,50.84,17.05
2024-05-01T09:36:00,A,1,25.33,53.65,18.15
2024-05-01T09:37:00,A,1,25.16,51.17,16.74
2024-05-01T09:38:00,A,1,26.62,49.96,15.63
2024-05-01T09:39:00,A,1,24.85,51.62,16.94
2024-05-01T09:40:00,A,1,25.26,52.34,15.8
2024-05-01T09:41:00,A,1,25.25,50.51,15.51
2024-05-01T09:42:00,A,1,25.54,51.11,16.61
2024-05-01T09:43:00,A,1,25.1,50.42,15.9
2024-05-01T09:44:00,A,1,25.51,51.96,16.59
2024-05-01T09:45:00,A,1,25.12,51.59,16.4
2024-05-01T09:46:00,A,1,24.48,50.18,15.45
2024-05-01T09:47:00,A,1,25.36,51.35,16.36
2024-05-01T09:48:00,A,1,25.78,50.64,16.59
2024-05-01T09:49:00,A,1,25.3,52.78,16.52
2024-05-01T09:50:00,A,1,25.83,52.44,16.14
2024-05-01T09:51:00,A,1,24.63,48.34,15.73
2024-05-01T09:52:00,A,1,24.99,47.09,16.16
2024-05-01T09:53:00,A,1,24.8,49.56,16.16
2024-05-01T09:54:00,A,1,25.35,50.89,16.23
2024-05-01T09:55:00,A,1,24.86,49.82,17.4
2024-05-01T09:56:00,A,1,25.04,50.69,16.01
2024-05-01T09:57:00,A,1,25.57,48.97,16.75
2024-05-01T09:58:00,A,1,25.63,51.27,17.6
2024-05-01T09:59:00,A,1,24.66,50.19,15.42
2024-05-01T10:00:00,A,1,25.08,48.56,15.58
2024-05-01T10:01:00,A,1,24.96,52.92,15.53
2024-05-01T10:02:00,A,1,25.16,49.46,15.87
2024-05-01T10:03:00,A,1,25.0,49.28,16.01
2024-05-01T10:04:00,A,1,24.72,53.3,15.58
2024-05-01T10:05:00,A,1,25.2,49.84,16.11
2024-05-01T10:06:00,A,1,24.25,50.56,16.42
2024-05-01T10:07:00,A,1,25.65,50.58,15.1
2024-05-01T10:08:00,A,1,24.13,52.9,16.0
2024-05-01T10:09:00,A,1,25.85,50.82,16.04
2024-05-01T10:10:00,A,1,24.11,50.47,15.98
2024-05-01T10:11:00,A,1,24.24,50.3,15.96
2024-05-01T10:12:00,A,1,25.04,50.43,15.8
2024-05-01T10:13:00,A,1,25.82,52.27,15.49
2024-05-01T10:14:00,A,1,24.63,48.14,16.08
2024-05-01T10:15:00,A,1,24.82,50.61,14.87
2024-05-01T10:16:00,A,1,24.18,51.34,17.32
2024-05-01T10:17:00,A,1,25.09,50.53,15.48
2024-05-01T10:18:00,A,1,24.7,50.95,15.86
2024-05-01T10:19:00,A,1,24.84,53.18,15.9
2024-05-01T10:20:00,A,1,24.86,51.12,15.98
2024-05-01T10:21:00,A,1,24.57,52.28,13.97
2024-05-01T10:22:00,A,1,25.05,52.55,16.52
2024-05-01T10:23:00,A,1,25.48,49.21,15.61
2024-05-01T10:24:00,A,1,24.76,49.64,14.66
2024-05-01T10:25:00,A,1,24.76,52.35,15.52
2024-05-01T10:26:00,A,1,24.52,52.78,15.21
2024-05-01T10:27:00,A,1,24.82,50.56,16.1
2024-05-01T10:28:00,A,1,24.63,50.75,15.93
2024-05-01T10:29:00,A,1,25.52,53.11,14.51
2024-05-01T10:30:00,A,1,24.4,49.86,16.64
2024-05-01T10:31:00,A,1,24.1,52.03,16.14
2024-05-01T10:32:00,A,1,24.73,50.55,15.11
2024-05-01T10:33:00,A,1,24.77,50.71,16.45
2024-05-01T10:34:00,A,1,24.18,48.69,15.36
2024-05-01T10:35:00,A,1,23.99,50.59,15.25
2024-05-01T10:36:00,A,1,24.85,50.45,15.91
2024-05-01T10:37:00,A,1,24.52,48.15,15.93
2024-05-01T10:38:00,A,1,24.18,51.04,15.43
2024-05-01T10:39:00,A,1,24.3,51.26,14.94
2024-05-01T10:40:00,A,1,24.58,50.2,14.64
2024-05-01T10:41:00,A,1,24.1,48.4,14.9
2024-05-01T10:42:00,A,1,24.74,50.96,16.71
2024-05-01T10:43:00,A,1,24.98,53.12,15.97
2024-05-01T10:44:00,A,1,24.59,49.81,16.07
2024-05-01T10:45:00,A,1,24.79,48.65,15.91
2024-05-01T10:46:00,A,1,24.96,52.11,15.43
2024-05-01T10:47:00,A,1,24.22,49.95,15.51
2024-05-01T10:48:00,A,1,24.31,50.55,15.48
2024-05-01T10:49:00,A,1,24.62,49.22,16.19
2024-05-01T10:50:00,A,1,24.67,49.17,15.0
2024-05-01T10:51:00,A,1,24.15,48.85,15.59
2024-05-01T10:52:00,A,1,24.74,50.57,13.29
2024-05-01T10:53:00,A,1,24.17,48.27,15.88
2024-05-01T10:54:00,A,1,24.72,50.66,14.3
2024-05-01T10:55:00,A,1,24.38,52.46,14.89
2024-05-01T10:56:00,A,1,24.33,50.04,13.41
2024-05-01T10:57:00,A,1,24.99,48.81,15.99
2024-05-01T10:58:00,A,1,25.03,50.46,16.32
2024-05-01T10:59:00,A,1,24.16,50.41,15.56
2024-05-01T11:00:00,A,1,24.48,49.43,14.81
2024-05-01T11:01:00,A,1,25.08,49.66,14.9
2024-05-01T11:02:00,A,1,25.29,51.23,15.13
2024-05-01T11:03:00,A,1,24.4,50.22,14.6
2024-05-01T11:04:00,A,1,24.36,48.89,14.22
2024-05-01T11:05:00,A,1,23.99,49.91,14.45
2024-05-01T11:06:00,A,1,24.09,50.41,15.83
2024-05-01T11:07:00,A,1,23.55,50.86,14.06
2024-05-01T11:08:00,A,1,24.13,50.95,14.94
2024-05-01T11:09:00,A,1,24.08,47.94,15.76
2024-05-01T11:10:00,A,1,23.88,48.26,14.8
2024-05-01T11:11:00,A,1,23.84,50.92,13.87
2024-05-01T11:12:00,A,1,24.14,47.56,14.72
2024-05-01T11:13:00,A,1,24.55,51.8,13.69
2024-05-01T11:14:00,A,1,24.18,49.16,14.64
2024-05-01T11:15:00,A,1,24.12,50.44,14.03
2024-05-01T11:16:00,A,1,23.47,49.93,14.54
2024-05-01T11:17:00,A,1,24.34,48.43,14.55
2024-05-01T11:18:00,A,1,24.29,50.47,15.04
2024-05-01T11:19:00,A,1,23.71,50.41,14.13
2024-05-01T11:20:00,A,1,23.82,49.59,14.92
2024-05-01T11:21:00,A,1,24.53,50.0,15.09
2024-05-01T11:22:00,A,1,24.36,49.08,15.04
2024-05-01T11:23:00,A,1,23.72,49.85,14.72
2024-05-01T11:24:00,A,1,24.49,48.43,15.41
2024-05-01T11:25:00,A,1,23.95,49.94,14.63
2024-05-01T11:26:00,A,1,23.91,48.22,14.46
2024-05-01T11:27:00,A,1,23.95,49.37,13.97
2024-05-01T11:28:00,A,1,23.47,47.93,14.54
2024-05-01T11:29:00,A,1,23.92,49.45,14.75
2024-05-01T11:30:00,A,1,24.06,51.86,13.58
2024-05-01T11:31:00,A,1,23.94,50.91,14.62
2024-05-01T11:32:00,A,1,24.03,50.9,15.23
2024-05-01T11:33:00,A,1,23.73,51.01,13.28
2024-05-01T11:34:00,A,1,24.28,49.69,13.13
2024-05-01T11:35:00,A,1,24.25,50.84,13.71
2024-05-01T11:36:00,A,1,23.69,49.21,14.51
2024-05-01T11:37:00,A,1,23.81,49.79,14.57
2024-05-01T11:38:00,A,1,23.12,52.04,14.49
2024-05-01T11:39:00,A,1,23.97,49.61,14.39
2024-05-01T11:40:00,A,1,24.31,50.47,15.6
2024-05-01T11:41:00,A,1,23.24,49.98,14.7
2024-05-01T11:42:00,A,1,23.91,51.59,14.61
2024-05-01T11:43:00,A,1,23.32,49.91,14.14
2024-05-01T11:44:00,A,1,23.86,51.06,12.91
2024-05-01T11:45:00,A,1,23.4,52.56,14.45
2024-05-01T11:46:00,A,1,24.38,51.57,13.78
2024-05-01T11:47:00,A,1,22.29,51.79,14.7
2024-05-01T11:48:00,A,1,23.35,50.01,14.25
2024-05-01T11:49:00,A,1,23.19,51.32,14.49
2024-05-01T11:50:00,A,1,23.95,50.1,14.99
2024-05-01T11:51:00,A,1,23.16,53.07,13.91
2024-05-01T11:52:00,A,1,23.16,49.25,15.02
2024-05-01T11:53:00,A,1,23.52,50.19,13.57
2024-05-01T11:54:00,A,1,23.13,51.31,13.7
2024-05-01T11:55:00,A,1,23.58,50.0,14.88
2024-05-01T11:56:00,A,1,23.79,50.87,14.15
2024-05-01T11:57:00,A,1,23.1,50.89,14.48
2024-05-01T11:58:00,A,1,23.86,49.52,14.27
2024-05-01T11:59:00,A,1,23.17,50.18,14.7
2024-05-01T12:00:00,A,1,23.27,49.03,12.49
2024-05-01T12:01:00,A,1,23.63,50.29,13.49
2024-05-01T12:02:00,A,1,22.94,50.12,14.3
2024-05-01T12:03:00,A,1,23.41,48.74,13.67
2024-05-01T12:04:00,A,1,23.18,46.79,14.4
2024-05-01T12:05:00,A,1,23.5,48.48,14.62
2024-05-01T12:06:00,A,1,23.34,47.87,14.16
2024-05-01T12:07:00,A,1,23.2,49.04,14.06
2024-05-01T12:08:00,A,1,23.13,50.21,12.75
2024-05-01T12:09:00,A,1,22.7,47.44,14.31
2024-05-01T12:10:00,A,1,22.73,51.2,13.68
2024-05-01T12:11:00,A,1,23.72,49.67,14.17
2024-05-01T12:12:00,A,1,22.94,51.2,12.93
2024-05-01T12:13:00,A,1,24.2,50.79,13.85
2024-05-01T12:14:00,A,1,23.18,50.6,14.54
2024-05-01T12:15:00,A,1,23.75,49.82,14.95
2024-05-01T12:16:00,A,1,23.13,49.51,14.14
2024-05-01T12:17:00,A,1,23.43,49.14,12.42
2024-05-01T12:18:00,A,1,23.52,49.3,13.31
2024-05-01T12:19:00,A,1,22.28,50.99,13.02
2024-05-01T12:20:00,A,1,24.13,49.09,14.67
2024-05-01T12:21:00,A,1,22.86,50.5,13.75
2024-05-01T12:22:00,A,1,23.22,50.59,13.98
2024-05-01T12:23:00,A,1,23.53,51.02,13.44
2024-05-01T12:24:00,A,1,23.79,48.82,13.61
2024-05-01T12:25:00,A,1,22.63,50.02,13.02
2024-05-01T12:26:00,A,1,22.89,49.34,13.7
2024-05-01T12:27:00,A,1,23.73,49.9,13.87
2024-05-01T12:28:00,A,1,23.66,50.89,13.51
2024-05-01T12:29:00,A,1,23.15,50.07,13.38
2024-05-01T12:30:00,A,1,23.71,51.23,13.87
2024-05-01T12:31:00,A,1,23.52,52.01,13.19
2024-05-01T12:32:00,A,1,22.77,49.23,13.28
2024-05-01T12:33:00,A,1,23.23,50.81,13.52
2024-05-01T12:34:00,A,1,22.98,48.85,14.22
2024-05-01T12:35:00,A,1,23.4,52.09,13.4
2024-05-01T12:36:00,A,1,22.81,47.21,12.31
2024-05-01T12:37:00,A,1,23.15,49.56,12.8
2024-05-01T12:38:00,A,1,23.18,52.55,13.55
2024-05-01T12:39:00,A,1,23.17,48.75,12.84
2024-05-01T12:40:00,A,1,22.82,49.95,12.13
2024-05-01T12:41:00,A,1,22.67,51.27,12.82
2024-05-01T12:42:00,A,1,23.17,46.35,13.05
2024-05-01T12:43:00,A,1,23.05,50.64,13.68
2024-05-01T12:44:00,A,1,22.37,50.02,12.86
2024-05-01T12:45:00,A,1,22.71,48.2,13.36
2024-05-01T12:46:00,A,1,22.48,50.5,12.91
2024-05-01T12:47:00,A,1,23.04,49.95,12.74
2024-05-01T12:48:00,A,1,22.91,50.04,13.53
2024-05-01T12:49:00,A,1,23.23,51.59,13.0
2024-05-01T12:50:00,A,1,23.18,50.2,13.62
2024-05-01T12:51:00,A,1,23.07,50.61,13.47
2024-05-01T12:52:00,A,1,23.02,48.85,13.08
2024-05-01T12:53:00,A,1,22.78,49.49,13.24
2024-05-01T12:54:00,A,1,22.79,50.26,13.02
2024-05-01T12:55:00,A,1,22.74,47.84,13.31
2024-05-01T12:56:00,A,1,23.02,51.75,12.87
2024-05-01T12:57:00,A,1,22.21,50.27,11.72
2024-05-01T12:58:00,A,1,22.73,51.64,12.04
2024-05-01T12:59:00,A,1,22.61,50.26,14.5
2024-05-01T13:00:00,A,1,22.71,51.49,13.03
2024-05-01T13:01:00,A,1,22.92,50.01,13.05
2024-05-01T13:02:00,A,1,22.87,49.96,13.27
2024-05-01T13:03:00,A,1,21.64,49.5,12.57
2024-05-01T13:04:00,A,1,23.66,51.22,12.05
2024-05-01T13:05:00,A,1,22.75,51.61,13.58
2024-05-01T13:06:00,A,1,22.24,51.0,12.56
2024-05-01T13:07:00,A,1,22.41,51.62,13.73
2024-05-01T13:08:00,A,1,22.36,49.46,11.65
2024-05-01T13:09:00,A,1,22.86,50.94,12.31
2024-05-01T13:10:00,A,1,22.93,50.77,12.78
2024-05-01T13:11:00,A,1,22.34,49.73,12.72
2024-05-01T13:12:00,A,1,22.75,51.09,12.18
2024-05-01T13:13:00,A,1,23.21,50.45,11.78
2024-05-01T13:14:00,A,1,23.28,50.36,12.96
2024-05-01T13:15:00,A,1,22.33,48.29,13.74
2024-05-01T13:16:00,A,1,22.08,48.58,11.71
2024-05-01T13:17:00,A,1,21.98,49.52,12.42
2024-05-01T13:18:00,A,1,22.14,51.67,12.27
2024-05-01T13:19:00,A,1,22.49,49.8,13.38
2024-05-01T13:20:00,A,1,23.33,50.47,12.78
2024-05-01T13:21:00,A,1,22.17,49.77,12.89
2024-05-01T13:22:00,A,1,22.77,52.24,11.65
2024-05-01T13:23:00,A,1,21.91,51.19,11.19
2024-05-01T13:24:00,A,1,22.02,52.18,13.62
2024-05-01T13:25:00,A,1,22.47,49.82,13.03
2024-05-01T13:26:00,A,1,22.92,49.51,12.41
2024-05-01T13:27:00,A,1,21.65,51.75,12.02
2024-05-01T13:28:00,A,1,22.05,49.65,12.12
2024-05-01T13:29:00,A,1,21.96,52.68,12.74
2024-05-01T13:30:00,A,1,21.78,50.87,12.73
2024-05-01T13:31:00,A,1,21.82,50.73,11.41
2024-05-01T13:32:00,A,1,22.57,49.86,11.9
2024-05-01T13:33:00,A,1,22.24,48.81,12.82
2024-05-01T13:34:00,A,1,22.66,46.27,12.32
2024-05-01T13:35:00,A,1,22.63,51.6,12.57
2024-05-01T13:36:00,A,1,23.18,51.07,12.36
2024-05-01T13:37:00,A,1,22.18,50.76,12.58
2024-05-01T13:38:00,A,1,22.33,51.38,12.75
2024-05-01T13:39:00,A,1,21.8,50.22,11.64
2024-05-01T13:40:00,A,1,22.58,49.23,12.29
2024-05-01T13:41:00,A,1,22.94,50.28,13.06
2024-05-01T13:42:00,A,1,22.28,51.68,12.03
2024-05-01T13:43:00,A,1,22.19,48.2,12.56
2024-05-01T13:44:00,A,1,21.74,49.55,11.8
2024-05-01T13:45:00,A,1,21.69,48.97,11.93
2024-05-01T13:46:00,A,1,22.31,51.78,12.59
2024-05-01T13:47:00,A,1,21.74,51.75,11.85
2024-05-01T13:48:00,A,1,22.75,50.87,12.3
2024-05-01T13:49:00,A,1,22.52,50.34,12.63
2024-05-01T13:50:00,A,1,21.58,51.77,12.16
2024-05-01T13:51:00,A,1,22.2,51.52,11.44
2024-05-01T13:52:00,A,1,22.17,50.32,11.99
2024-05-01T13:53:00,A,1,22.45,51.66,11.47
2024-05-01T13:54:00,A,1,21.78,49.31,12.82
2024-05-01T13:55:00,A,1,22.0,49.98,12.01
2024-05-01T13:56:00,A,1,21.02,49.18,12.35
2024-05-01T13:57:00,A,1,21.62,47.83,11.76
2024-05-01T13:58:00,A,1,22.49,52.67,12.04
2024-05-01T13:59:00,A,1,21.85,50.31,11.1
2024-05-01T14:00:00,A,1,22.41,51.67,12.23
2024-05-01T14:01:00,A,1,21.9,50.47,12.94
2024-05-01T14:02:00,A,1,21.33,50.91,11.62
2024-05-01T14:03:00,A,1,21.64,51.98,12.87
2024-05-01T14:04:00,A,1,22.27,49.18,11.43
2024-05-01T14:05:00,A,1,22.3,52.31,12.31
2024-05-01T14:06:00,A,1,21.88,49.38,10.71
2024-05-01T14:07:00,A,1,20.92,50.69,11.75
2024-05-01T14:08:00,A,1,21.47,48.64,11.62
2024-05-01T14:09:00,A,1,21.32,50.78,12.22
2024-05-01T14:10:00,A,1,21.45,52.81,11.37
2024-05-01T14:11:00,A,1,21.33,50.41,11.48
2024-05-01T14:12:00,A,1,22.24,51.14,11.91
2024-05-01T14:13:00,A,1,21.65,51.32,10.81
2024-05-01T14:14:00,A,1,22.27,49.06,11.88
2024-05-01T14:15:00,A,1,21.86,51.06,10.73
2024-05-01T14:16:00,A,1,22.02,50.49,11.61
2024-05-01T14:17:00,A,1,21.78,50.97,11.74
2024-05-01T14:18:00,A,1,21.89,50.32,12.69
2024-05-01T14:19:00,A,1,21.68,51.59,11.01
2024-05-01T14:20:00,A,1,20.67,49.09,10.82
2024-05-01T14:21:00,A,1,22.13,50.44,13.26
2024-05-01T14:22:00,A,1,22.41,50.36,10.54
2024-05-01T14:23:00,A,1,21.64,50.79,11.17
2024-05-01T14:24:00,A,1,21.98,50.36,11.6
2024-05-01T14:25:00,A,1,21.8,50.95,11.48
2024-05-01T14:26:00,A,1,21.72,50.0,11.78
2024-05-01T14:27:00,A,1,22.21,50.65,11.83
2024-05-01T14:28:00,A,1,21.56,51.35,12.04
2024-05-01T14:29:00,A,1,21.06,52.82,11.14
2024-05-01T14:30:00,A,1,21.86,50.62,10.63
2024-05-01T14:31:00,A,1,21.97,51.27,11.43
2024-05-01T14:32:00,A,1,22.16,48.29,11.38
2024-05-01T14:33:00,A,1,21.96,51.82,11.33
2024-05-01T14:34:00,A,1,21.41,51.13,11.36
2024-05-01T14:35:00,A,1,21.35,48.5,10.86
2024-05-01T14:36:00,A,1,21.83,50.91,12.43
2024-05-01T14:37:00,A,1,20.78,50.22,11.53
2024-05-01T14:38:00,A,1,22.04,51.05,11.69
2024-05-01T14:39:00,A,1,21.12,50.66,11.56
2024-05-01T14:40:00,A,1,21.03,50.92,11.21
2024-05-01T14:41:00,A,1,21.43,52.72,11.89
2024-05-01T14:42:00,A,1,22.18,49.3,11.16
2024-05-01T14:43:00,A,1,21.47,50.65,11.41
2024-05-01T14:44:00,A,1,21.3,49.65,10.14
2024-05-01T14:45:00,A,1,21.78,48.39,11.25
2024-05-01T14:46:00,A,1,22.15,50.39,11.03
2024-05-01T14:47:00,A,1,21.52,52.16,10.61
2024-05-01T14:48:00,A,1,22.07,51.05,11.1
2024-05-01T14:49:00,A,1,21.68,52.29,11.56
2024-05-01T14:50:00,A,1,21.34,50.42,11.31
2024-05-01T14:51:00,A,1,20.92,49.78,10.34
2024-05-01T14:52:00,A,1,21.06,52.43,11.03
2024-05-01T14:53:00,A,1,21.66,51.09,11.04
2024-05-01T14:54:00,A,1,21.47,50.15,10.85
2024-05-01T14:55:00,A,1,21.36,50.95,11.69
2024-05-01T14:56:00,A,1,22.0,51.34,10.9
2024-05-01T14:57:00,A,1,21.45,51.24,11.29
2024-05-01T14:58:00,A,1,21.31,49.69,11.42
2024-05-01T14:59:00,A,1,21.75,51.65,10.15
2024-05-01T15:00:00,A,1,21.2,49.98,10
2024-05-01T15:01:00,A,1,21.52,51.78,10.32
2024-05-01T15:02:00,A,1,20.84,52.6,11.7
2024-05-01T15:03:00,A,1,21.45,52.01,10.98
2024-05-01T15:04:00,A,1,21.51,50.5,10.61
2024-05-01T15:05:00,A,1,21.65,52.98,10.52
2024-05-01T15:06:00,A,1,22.31,51.82,11.06
2024-05-01T15:07:00,A,1,21.24,51.35,11.68
2024-05-01T15:08:00,A,1,21.67,51.74,10.6
2024-05-01T15:09:00,A,1,21.2,51.75,11.11
2024-05-01T15:10:00,A,1,20.88,51.91,10.91
2024-05-01T15:11:00,A,1,21.3,51.74,11.05
2024-05-01T15:12:00,A,1,21.18,53.37,11.37
2024-05-01T15:13:00,A,1,21.57,50.65,10.21
2024-05-01T15:14:00,A,1,21.38,50.09,10.99
2024-05-01T15:15:00,A,1,21.93,53.1,11.43
2024-05-01T15:16:00,A,1,21.77,53.5,10.16
2024-05-01T15:17:00,A,1,20.8,51.41,10.91
2024-05-01T15:18:00,A,1,21.86,51.7,10.58
2024-05-01T15:19:00,A,1,20.84,53.09,11.65
2024-05-01T15:20:00,A,1,21.33,51.21,10.9
2024-05-01T15:21:00,A,1,20.94,52.44,12.03
2024-05-01T15:22:00,A,1,20.65,50.33,11.22
2024-05-01T15:23:00,A,1,20.92,52.08,11.32
2024-05-01T15:24:00,A,1,21.32,54.37,11.08
2024-05-01T15:25:00,A,1,20.8,53.44,10.57
2024-05-01T15:26:00,A,1,21.11,53.57,11.52
2024-05-01T15:27:00,A,1,20.58,51.94,10.74
2024-05-01T15:28:00,A,1,21.29,50.97,11.05
2024-05-01T15:29:00,A,1,20.69,52.67,10.47
2024-05-01T15:30:00,A,1,21.43,53.74,10.48
2024-05-01T15:31:00,A,1,20.72,52.88,11.47
2024-05-01T15:32:00,A,1,20.98,53.72,10.81
2024-05-01T15:33:00,A,1,20.4,53.26,10.51
2024-05-01T15:34:00,A,1,20.91,52.32,11.21
2024-05-01T15:35:00,A,1,20.09,52.82,11.61
2024-05-01T15:36:00,A,1,20.62,52.11,10.76
2024-05-01T15:37:00,A,1,20.8,52.33,10.65
2024-05-01T15:38:00,A,1,21.37,52.22,10
2024-05-01T15:39:00,A,1,21.42,50.69,10.25
2024-05-01T15:40:00,A,1,21.65,53.39,10.92
2024-05-01T15:41:00,A,1,20.69,53.69,10.5
2024-05-01T15:42:00,A,1,21.16,52.28,10.41
2024-05-01T15:43:00,A,1,21.05,53.86,11.28
2024-05-01T15:44:00,A,1,20.46,52.81,10.86
2024-05-01T15:45:00,A,1,21.33,51.59,11.18
2024-05-01T15:46:00,A,1,20.36,53.54,10
2024-05-01T15:47:00,A,1,20.19,53.27,11.71
2024-05-01T15:48:00,A,1,21.33,51.41,11.15
2024-05-01T15:49:00,A,1,20.85,52.5,10.44
2024-05-01T15:50:00,A,1,21.34,54.18,10.91
2024-05-01T15:51:00,A,1,21.02,53.16,10.42
2024-05-01T15:52:00,A,1,20.83,52.72,10.53
2024-05-01T15:53:00,A,1,21.65,55.98,11.04
2024-05-01T15:54:00,A,1,21.04,51.58,12.0
2024-05-01T15:55:00,A,1,21.4,52.21,11.31
2024-05-01T15:56:00,A,1,20.6,51.83,10.79
2024-05-01T15:57:00,A,1,20.88,52.74,11.14
2024-05-01T15:58:00,A,1,20.68,51.54,10.29
2024-05-01T15:59:00,A,1,20.77,52.07,10.69
2024-05-01T16:00:00,A,1,20.97,52.68,10.37
2024-05-01T16:01:00,A,1,20.51,52.45,10.7
2024-05-01T16:02:00,A,1,21.08,53.41,12.14
2024-05-01T16:03:00,A,1,20.18,52.3,10.39
2024-05-01T16:04:00,A,1,20.54,54.42,11.18
2024-05-01T16:05:00,A,1,21.05,52.6,10.59
2024-05-01T16:06:00,A,1,21.13,52.28,10.02
2024-05-01T16:07:00,A,1,20.71,51.94,10.27
2024-05-01T16:08:00,A,1,20.77,50.25,10.94
2024-05-01T16:09:00,A,1,21.06,51.75,10.36
2024-05-01T16:10:00,A,1,21.07,55.55,10.43
2024-05-01T16:11:00,A,1,21.22,52.29,11.83
2024-05-01T16:12:00,A,1,20.62,54.86,10.58
2024-05-01T16:13:00,A,1,21.4,53.45,11.73
2024-05-01T16:14:00,A,1,20.91,51.4,10.73
2024-05-01T16:15:00,A,1,20.63,52.44,10.02
2024-05-01T16:16:00,A,1,20.95,52.09,11.58
2024-05-01T16:17:00,A,1,20.75,52.13,10.54
2024-05-01T16:18:00,A,1,20.69,53.41,10.06
2024-05-01T16:19:00,A,1,20.57,52.53,10
2024-05-01T16:20:00,A,1,20.92,54.13,10
2024-05-01T16:21:00,A,1,20.52,51.72,10
2024-05-01T16:22:00,A,1,21.38,52.87,10
2024-05-01T16:23:00,A,1,20.75,51.3,10.95
2024-05-01T16:24:00,A,1,20.92,54.0,10.82
2024-05-01T16:25:00,A,1,21.57,52.36,10.76
2024-05-01T16:26:00,A,1,20.76,55.51,11.19
2024-05-01T16:27:00,A,1,20.93,52.07,10.39
2024-05-01T16:28:00,A,1,20.59,53.42,10
2024-05-01T16:29:00,A,1,21.06,54.07,10
2024-05-01T16:30:00,A,1,21.45,51.35,10
2024-05-01T16:31:00,A,1,20.15,51.75,10.15
2024-05-01T16:32:00,A,1,20.66,52.93,11.45
2024-05-01T16:33:00,A,1,20.56,50.76,10.53
2024-05-01T16:34:00,A,1,20.96,54.73,10.88
2024-05-01T16:35:00,A,1,20.75,53.33,10.93
2024-05-01T16:36:00,A,1,21.21,55.6,11.49
2024-05-01T16:37:00,A,1,20.25,53.15,10.31
2024-05-01T16:38:00,A,1,20.86,51.41,10
2024-05-01T16:39:00,A,1,20.61,52.85,10
2024-05-01T16:40:00,A,1,21.5,53.34,10.72
2024-05-01T16:41:00,A,1,20.61,55.05,10.65
2024-05-01T16:42:00,A,1,20.84,52.54,10.34
2024-05-01T16:43:00,A,1,20.89,53.91,10
2024-05-01T16:44:00,A,1,20.04,54.38,10
2024-05-01T16:45:00,A,1,20.16,54.07,10.85
2024-05-01T16:46:00,A,1,20.93,54.61,10.23
2024-05-01T16:47:00,A,1,20.83,54.44,10
2024-05-01T16:48:00,A,1,20.9,52.04,10.36
2024-05-01T16:49:00,A,1,21.09,52.78,10.52
2024-05-01T16:50:00,A,1,20.24,52.45,10
2024-05-01T16:51:00,A,1,21.12,53.91,10
2024-05-01T16:52:00,A,1,20.18,51.96,10
2024-05-01T16:53:00,A,1,20.87,54.26,10
2024-05-01T16:54:00,A,1,21.09,55.23,10.3
2024-05-01T16:55:00,A,1,20.34,53.17,10
2024-05-01T16:56:00,A,1,21.09,53.05,10.99
2024-05-01T16:57:00,A,1,20.39,53.56,10.47
2024-05-01T16:58:00,A,1,20.9,53.0,10.07
2024-05-01T16:59:00,A,1,21.28,56.31,10
2024-05-01T17:00:00,A,1,20.47,54.3,10.12
2024-05-01T17:01:00,A,1,19.99,52.48,10
2024-05-01T17:02:00,A,1,20.38,54.25,10.14
2024-05-01T17:03:00,A,1,20.56,54.06,10.64
2024-05-01T17:04:00,A,1,20.55,54.64,10.03
2024-05-01T17:05:00,A,1,20.85,53.48,10
2024-05-01T17:06:00,A,1,20.96,52.61,10
2024-05-01T17:07:00,A,1,20.54,50.38,10.01
2024-05-01T17:08:00,A,1,20.8,54.09,10.5
2024-05-01T17:09:00,A,1,20.09,54.35,10.42
2024-05-01T17:10:00,A,1,20.92,55.44,10.46
2024-05-01T17:11:00,A,1,20.52,54.09,10.02
2024-05-01T17:12:00,A,1,20.18,57.63,10
2024-05-01T17:13:00,A,1,20.98,53.7,10
2024-05-01T17:14:00,A,1,20.96,52.41,10
2024-05-01T17:15:00,A,1,21.08,54.76,10.41
2024-05-01T17:16:00,A,1,20.2,53.21,10.46
2024-05-01T17:17:00,A,1,19.89,56.04,10.21
2024-05-01T17:18:00,A,1,19.91,54.17,10.11
2024-05-01T17:19:00,A,1,20.41,53.15,10
2024-05-01T17:20:00,A,1,20.33,54.2,10
2024-05-01T17:21:00,A,1,20.57,54.31,10
2024-05-01T17:22:00,A,1,19.69,53.2,10
2024-05-01T17:23:00,A,1,20.75,51.52,10
2024-05-01T17:24:00,A,1,20.88,52.2,10.86
2024-05-01T17:25:00,A,1,19.54,52.49,10.73
2024-05-01T17:26:00,A,1,21.47,52.62,10
2024-05-01T17:27:00,A,1,20.4,55.16,10.54
2024-05-01T17:28:00,A,1,20.15,54.8,10.12
2024-05-01T17:29:00,A,1,20.58,52.88,10
2024-05-01T17:30:00,A,1,19.87,53.53,10.56
2024-05-01T17:31:00,A,1,20.59,52.95,10
2024-05-01T17:32:00,A,1,20.63,56.49,10.32
2024-05-01T17:33:00,A,1,20.91,54.02,10.6
2024-05-01T17:34:00,A,1,20.14,54.44,10.37
2024-05-01T17:35:00,A,1,20.69,53.17,10.29
2024-05-01T17:36:00,A,1,20.55,53.26,10
2024-05-01T17:37:00,A,1,20.47,55.42,10
2024-05-01T17:38:00,A,1,20.58,55.05,10
2024-05-01T17:39:00,A,1,20.74,54.62,10
2024-05-01T17:40:00,A,1,20.79,54.73,10.08
2024-05-01T17:41:00,A,1,19.74,54.03,10
2024-05-01T17:42:00,A,1,20.37,54.88,10
2024-05-01T17:43:00,A,1,20.26,52.32,10
2024-05-01T17:44:00,A,1,20.79,55.59,10.14
2024-05-01T17:45:00,A,1,19.99,55.91,10.13
2024-05-01T17:46:00,A,1,19.8,55.33,10.23
2024-05-01T17:47:00,A,1,20.84,53.13,10
2024-05-01T17:48:00,A,1,20.76,54.43,10
2024-05-01T17:49:00,A,1,20.6,55.58,10.92
2024-05-01T17:50:00,A,1,19.61,52.82,10
2024-05-01T17:51:00,A,1,20.68,54.5,10.09
2024-05-01T17:52:00,A,1,19.73,52.71,11.18
2024-05-01T17:53:00,A,1,20.7,53.55,10
2024-05-01T17:54:00,A,1,20.09,55.03,10.25
2024-05-01T17:55:00,A,1,20.63,55.59,10
2024-05-01T17:56:00,A,1,20.54,57.92,10
2024-05-01T17:57:00,A,1,20.86,54.43,10.69
2024-05-01T17:58:00,A,1,20.71,55.41,10
2024-05-01T17:59:00,A,1,20.65,55.27,10
2024-05-01T18:00:00,A,1,20.73,55.63,10.93
2024-05-01T18:01:00,A,1,19.82,52.75,10.02
2024-05-01T18:02:00,A,1,20.42,55.45,10.45
2024-05-01T18:03:00,A,1,20.72,54.22,11.56
2024-05-01T18:04:00,A,1,20.58,55.24,10.2
2024-05-01T18:05:00,A,1,20.31,54.19,10.43
2024-05-01T18:06:00,A,1,20.12,55.13,10
2024-05-01T18:07:00,A,1,20.82,56.11,10.01
2024-05-01T18:08:00,A,1,20.48,55.24,10.39
2024-05-01T18:09:00,A,1,20.05,54.24,10
2024-05-01T18:10:00,A,1,20.94,57.19,10.33
2024-05-01T18:11:00,A,1,20.22,56.01,10.1
2024-05-01T18:12:00,A,1,20.38,56.55,10.25
2024-05-01T18:13:00,A,1,20.67,56.1,10
2024-05-01T18:14:00,A,1,20.76,53.56,10.41
2024-05-01T18:15:00,A,1,20.66,56.66,10.2
2024-05-01T18:16:00,A,1,20.96,57.21,10.82
2024-05-01T18:17:00,A,1,20.96,53.78,10.42
2024-05-01T18:18:00,A,1,20.09,54.68,10
2024-05-01T18:19:00,A,1,21.24,55.07,11.2
2024-05-01T18:20:00,A,1,20.45,53.55,10.02
2024-05-01T18:21:00,A,1,20.31,57.04,10
2024-05-01T18:22:00,A,1,20.44,56.5,10.52
2024-05-01T18:23:00,A,1,20.18,55.62,10
2024-05-01T18:24:00,A,1,20.26,59.02,10.88
2024-05-01T18:25:00,A,1,20.1,53.91,11.07
2024-05-01T18:26:00,A,1,20.55,57.36,10
2024-05-01T18:27:00,A,1,20.54,53.89,10
2024-05-01T18:28:00,A,1,20.28,56.93,10
2024-05-01T18:29:00,A,1,20.11,55.53,10
2024-05-01T18:30:00,A,1,20.74,55.5,10
2024-05-01T18:31:00,A,1,20.36,55.5,11.02
2024-05-01T18:32:00,A,1,20.9,54.98,10.79
2024-05-01T18:33:00,A,1,20.25,56.34,10
2024-05-01T18:34:00,A,1,20.57,55.28,10
2024-05-01T18:35:00,A,1,20.52,56.12,11.04
2024-05-01T18:36:00,A,1,20.87,57.68,10.16
2024-05-01T18:37:00,A,1,20.62,56.39,10
2024-05-01T18:38:00,A,1,21.04,57.3,10
2024-05-01T18:39:00,A,1,19.9,57.65,10
2024-05-01T18:40:00,A,1,20.8,56.32,10
2024-05-01T18:41:00,A,1,20.65,52.93,10
2024-05-01T18:42:00,A,1,20.47,57.54,10
2024-05-01T18:43:00,A,1,20.8,57.48,10
2024-05-01T18:44:00,A,1,21.37,54.0,10.05
2024-05-01T18:45:00,A,1,20.19,55.0,10.29
2024-05-01T18:46:00,A,1,20.63,55.8,10
2024-05-01T18:47:00,A,1,20.83,55.76,10.1
2024-05-01T18:48:00,A,1,20.52,58.13,11.25
2024-05-01T18:49:00,A,1,20.12,56.45,10
2024-05-01T18:50:00,A,1,20.84,55.59,10
2024-05-01T18:51:00,A,1,20.94,54.45,11.19
2024-05-01T18:52:00,A,1,20.85,55.47,10.76
2024-05-01T18:53:00,A,1,20.84,55.14,10
2024-05-01T18:54:00,A,1,20.75,55.7,10
2024-05-01T18:55:00,A,1,20.95,55.85,10.16
2024-05-01T18:56:00,A,1,20.09,55.38,10
2024-05-01T18:57:00,A,1,20.4,56.37,10
2024-05-01T18:58:00,A,1,20.47,57.42,10
2024-05-01T18:59:00,A,1,19.83,55.43,10
2024-05-01T19:00:00,A,1,19.9,55.27,10
2024-05-01T19:01:00,A,1,19.9,57.64,10.49
2024-05-01T19:02:00,A,1,20.24,54.59,10
2024-05-01T19:03:00,A,1,20.18,54.73,10
2024-05-01T19:04:00,A,1,20.79,55.35,10
2024-05-01T19:05:00,A,1,20.52,57.07,10.79
2024-05-01T19:06:00,A,1,20.27,57.79,10
2024-05-01T19:07:00,A,1,21.18,57.7,10
2024-05-01T19:08:00,A,1,20.82,57.79,10.09
2024-05-01T19:09:00,A,1,20.83,56.94,10
2024-05-01T19:10:00,A,1,21.01,57.16,10
2024-05-01T19:11:00,A,1,20.46,52.22,10.35
2024-05-01T19:12:00,A,1,20.72,55.93,10.3
2024-05-01T19:13:00,A,1,20.97,55.93,10.9
2024-05-01T19:14:00,A,1,20.63,57.47,10
2024-05-01T19:15:00,A,1,21.08,55.02,10.58
2024-05-01T19:16:00,A,1,20.43,57.58,10.3
2024-05-01T19:17:00,A,1,20.32,56.35,10
2024-05-01T19:18:00,A,1,20.75,56.11,10.34
2024-05-01T19:19:00,A,1,20.38,56.04,10.77
2024-05-01T19:20:00,A,1,20.63,56.96,10.8
2024-05-01T19:21:00,A,1,21.13,57.47,10
2024-05-01T19:22:00,A,1,20.98,55.49,11.49
2024-05-01T19:23:00,A,1,20.51,55.26,10
2024-05-01T19:24:00,A,1,21.04,58.29,10.55
2024-05-01T19:25:00,A,1,20.35,57.54,10.62
2024-05-01T19:26:00,A,1,21.13,58.84,10.5
2024-05-01T19:27:00,A,1,20.9,55.26,10
2024-05-01T19:28:00,A,1,20.79,55.94,10
2024-05-01T19:29:00,A,1,20.73,56.24,10.11
2024-05-01T19:30:00,A,1,21.47,58.03,10.18
2024-05-01T19:31:00,A,1,20.3,57.69,10.66
2024-05-01T19:32:00,A,1,20.25,56.96,10.47
2024-05-01T19:33:00,A,1,20.09,58.39,10
2024-05-01T19:34:00,A,1,20.39,58.66,11.71
2024-05-01T19:35:00,A,1,20.45,56.21,10.66
2024-05-01T19:36:00,A,1,20.17,56.29,10.6
2024-05-01T19:37:00,A,1,20.74,56.54,11.04
2024-05-01T19:38:00,A,1,20.75,58.7,10
2024-05-01T19:39:00,A,1,20.28,57.16,10.32
2024-05-01T19:40:00,A,1,20.22,58.62,10
2024-05-01T19:41:00,A,1,20.48,56.76,10
2024-05-01T19:42:00,A,1,20.4,56.99,10.92
2024-05-01T19:43:00,A,1,20.94,57.92,11.11
2024-05-01T19:44:00,A,1,21.03,57.39,10.62
2024-05-01T19:45:00,A,1,20.31,57.32,10.94
2024-05-01T19:46:00,A,1,20.93,56.27,11.94
2024-05-01T19:47:00,A,1,21.87,57.1,10
2024-05-01T19:48:00,A,1,20.46,58.68,10.35
2024-05-01T19:49:00,A,1,20.65,56.73,10.84
2024-05-01T19:50:00,A,1,21.32,57.7,10.49
2024-05-01T19:51:00,A,1,21.0,58.38,10.81
2024-05-01T19:52:00,A,1,21.03,57.63,10.65
2024-05-01T19:53:00,A,1,21.15,58.42,10.46
2024-05-01T19:54:00,A,1,20.57,58.85,10.87
2024-05-01T19:55:00,A,1,20.02,56.08,10.63
2024-05-01T19:56:00,A,1,20.82,57.22,10.32
2024-05-01T19:57:00,A,1,21.01,57.53,11.48
2024-05-01T19:58:00,A,1,20.88,59.72,10.23
2024-05-01T19:59:00,A,1,20.7,59.1,11.33
2024-05-01T20:00:00,A,1,21.11,57.18,10
2024-05-01T20:01:00,A,1,20.88,58.35,10
2024-05-01T20:02:00,A,1,21.11,57.22,10
2024-05-01T20:03:00,A,1,21.1,57.78,10.91
2024-05-01T20:04:00,A,1,21.28,57.4,10.27
2024-05-01T20:05:00,A,1,21.13,59.27,10.42
2024-05-01T20:06:00,A,1,22.07,58.47,10.86
2024-05-01T20:07:00,A,1,21.19,59.26,11.11
2024-05-01T20:08:00,A,1,20.57,55.53,10.2
2024-05-01T20:09:00,A,1,19.82,55.61,10.95
2024-05-01T20:10:00,A,1,21.55,58.93,10.39
2024-05-01T20:11:00,A,1,20.75,56.76,11.04
2024-05-01T20:12:00,A,1,20.41,56.72,10.27
2024-05-01T20:13:00,A,1,21.51,57.57,10.65
2024-05-01T20:14:00,A,1,20.62,57.88,11.15
2024-05-01T20:15:00,A,1,20.61,57.7,10.77
2024-05-01T20:16:00,A,1,20.98,58.67,10.52
2024-05-01T20:17:00,A,1,21.32,56.33,11.16
2024-05-01T20:18:00,A,1,21.87,59.51,10.62
2024-05-01T20:19:00,A,1,21.18,58.4,10
2024-05-01T20:20:00,A,1,20.69,56.79,10.45
2024-05-01T20:21:00,A,1,20.5,56.37,10.98
2024-05-01T20:22:00,A,1,21.33,58.59,10.83
2024-05-01T20:23:00,A,1,21.37,58.22,10.93
2024-05-01T20:24:00,A,1,21.19,58.48,10.88
2024-05-01T20:25:00,A,1,20.95,58.1,10.73
2024-05-01T20:26:00,A,1,21.18,58.84,10.09
2024-05-01T20:27:00,A,1,21.1,57.95,11.1
2024-05-01T20:28:00,A,1,21.82,57.96,10.22
2024-05-01T20:29:00,A,1,20.67,59.18,10.82
2024-05-01T20:30:00,A,1,21.34,58.85,10
2024-05-01T20:31:00,A,1,20.77,56.17,10.51
2024-05-01T20:32:00,A,1,21.51,58.9,10.77
2024-05-01T20:33:00,A,1,21.01,58.04,10
2024-05-01T20:34:00,A,1,21.59,58.91,10.41
2024-05-01T20:35:00,A,1,20.73,56.88,10.5
2024-05-01T20:36:00,A,1,20.45,58.57,10.45
2024-05-01T20:37:00,A,1,21.53,58.12,11.15
2024-05-01T20:38:00,A,1,20.74,58.44,11.76
2024-05-01T20:39:00,A,1,20.9,57.48,10.65
2024-05-01T20:40:00,A,1,21.46,56.45,10.79
2024-05-01T20:41:00,A,1,20.42,58.56,10
2024-05-01T20:42:00,A,1,20.99,57.67,11.35
2024-05-01T20:43:00,A,1,20.79,56.97,10.2
2024-05-01T20:44:00,A,1,20.93,58.95,10.36
2024-05-01T20:45:00,A,1,21.21,57.15,11.35
2024-05-01T20:46:00,A,1,21.17,59.17,10.94
2024-05-01T20:47:00,A,1,21.67,60.0,10.99
2024-05-01T20:48:00,A,1,21.4,57.86,12.25
2024-05-01T20:49:00,A,1,21.16,58.18,12.33
2024-05-01T20:50:00,A,1,21.12,59.46,10.66
2024-05-01T20:51:00,A,1,21.13,58.85,11.78
2024-05-01T20:52:00,A,1,21.0,58.66,11.42
2024-05-01T20:53:00,A,1,21.15,59.16,10.39
2024-05-01T20:54:00,A,1,21.87,57.19,11.32
2024-05-01T20:55:00,A,1,21.9,55.4,10.37
2024-05-01T20:56:00,A,1,21.94,57.45,11.8
2024-05-01T20:57:00,A,1,21.35,58.83,11.21
2024-05-01T20:58:00,A,1,21.23,58.24,10.72
2024-05-01T20:59:00,A,1,21.47,56.87,12.15
2024-05-01T21:00:00,A,1,21.65,58.41,11.04
2024-05-01T21:01:00,A,1,20.89,57.75,11.93
2024-05-01T21:02:00,A,1,20.56,58.73,11.01
2024-05-01T21:03:00,A,1,20.69,57.89,11.04
2024-05-01T21:04:00,A,1,21.25,58.92,11.23
2024-05-01T21:05:00,A,1,21.43,59.99,11.46
2024-05-01T21:06:00,A,1,21.17,59.39,11.61
2024-05-01T21:07:00,A,1,21.66,58.98,10.99
2024-05-01T21:08:00,A,1,21.79,60.06,10.61
2024-05-01T21:09:00,A,1,21.28,58.37,10.97
2024-05-01T21:10:00,A,1,21.56,61.32,10.32
2024-05-01T21:11:00,A,1,21.24,58.07,11.29
2024-05-01T21:12:00,A,1,21.17,57.01,11.04
2024-05-01T21:13:00,A,1,21.43,57.79,11.56
2024-05-01T21:14:00,A,1,21.84,59.59,11.18
2024-05-01T21:15:00,A,1,22.09,59.17,11.95
2024-05-01T21:16:00,A,1,21.99,58.66,11.34
2024-05-01T21:17:00,A,1,21.59,58.71,10.78
2024-05-01T21:18:00,A,1,21.31,58.68,11.46
2024-05-01T21:19:00,A,1,21.12,60.23,11.11
2024-05-01T21:20:00,A,1,21.17,59.73,11.98
2024-05-01T21:21:00,A,1,21.29,59.15,11.99
2024-05-01T21:22:00,A,1,20.95,60.57,10.79
2024-05-01T21:23:00,A,1,21.93,56.5,10.71
2024-05-01T21:24:00,A,1,21.45,58.3,10.88
2024-05-01T21:25:00,A,1,21.66,58.89,10.34
2024-05-01T21:26:00,A,1,21.95,59.25,11.55
2024-05-01T21:27:00,A,1,21.74,59.99,11.91
2024-05-01T21:28:00,A,1,21.26,57.88,10.73
2024-05-01T21:29:00,A,1,21.57,58.74,10.89
2024-05-01T21:30:00,A,1,21.49,61.19,12.01
2024-05-01T21:31:00,A,1,21.46,60.03,12.21
2024-05-01T21:32:00,A,1,21.41,60.13,11.78
2024-05-01T21:33:00,A,1,21.88,59.62,10.99
2024-05-01T21:34:00,A,1,21.55,58.22,10.81
2024-05-01T21:35:00,A,1,21.58,59.32,11.62
2024-05-01T21:36:00,A,1,22.41,60.32,11.14
2024-05-01T21:37:00,A,1,22.44,59.15,11.57
2024-05-01T21:38:00,A,1,22.05,57.39,11.83
2024-05-01T21:39:00,A,1,22.0,58.87,12.64
2024-05-01T21:40:00,A,1,21.64,59.71,12.09
2024-05-01T21:41:00,A,1,21.42,59.49,11.96
2024-05-01T21:42:00,A,1,21.96,60.54,10.75
2024-05-01T21:43:00,A,1,21.97,59.8,11.56
2024-05-01T21:44:00,A,1,21.53,60.99,12.32
2024-05-01T21:45:00,A,1,21.08,59.2,11.67
2024-05-01T21:46:00,A,1,21.72,59.22,11.8
2024-05-01T21:47:00,A,1,21.74,59.35,11.09
2024-05-01T21:48:00,A,1,21.13,59.12,11.8
2024-05-01T21:49:00,A,1,22.35,61.06,12.17
2024-05-01T21:50:00,A,1,22.08,59.36,12.04
2024-05-01T21:51:00,A,1,21.32,59.45,11.45
2024-05-01T21:52:00,A,1,22.39,57.16,10.87
2024-05-01T21:53:00,A,1,21.67,59.18,12.48
2024-05-01T21:54:00,A,1,22.46,60.85,11.97
2024-05-01T21:55:00,A,1,21.78,60.81,11.72
2024-05-01T21:56:00,A,1,22.64,59.46,12.64
2024-05-01T21:57:00,A,1,21.51,60.47,13.08
2024-05-01T21:58:00,A,1,21.74,58.26,11.93
2024-05-01T21:59:00,A,1,21.92,59.89,12.07
2024-05-01T22:00:00,A,1,21.69,58.59,12.25
2024-05-01T22:01:00,A,1,21.98,57.52,12.86
2024-05-01T22:02:00,A,1,22.03,58.88,12.28
2024-05-01T22:03:00,A,1,22.21,60.03,11.99
2024-05-01T22:04:00,A,1,22.25,58.51,12.4
2024-05-01T22:05:00,A,1,21.9,59.57,11.09
2024-05-01T22:06:00,A,1,22.27,58.45,13.79
2024-05-01T22:07:00,A,1,22.26,59.74,11.86
2024-05-01T22:08:00,A,1,21.85,59.47,11.67
2024-05-01T22:09:00,A,1,22.11,58.9,11.44
2024-05-01T22:10:00,A,1,22.3,56.14,12.17
2024-05-01T22:11:00,A,1,22.42,59.41,10.59
2024-05-01T22:12:00,A,1,22.42,59.22,12.02
2024-05-01T22:13:00,A,1,21.76,59.79,11.82
2024-05-01T22:14:00,A,1,22.35,58.9,12.54
2024-05-01T22:15:00,A,1,22.3,61.17,12.95
2024-05-01T22:16:00,A,1,21.95,57.05,13.4
2024-05-01T22:17:00,A,1,23.21,60.6,11.69
2024-05-01T22:18:00,A,1,22.04,61.34,12.35
2024-05-01T22:19:00,A,1,22.36,60.9,11.58
2024-05-01T22:20:00,A,1,22.11,60.48,11.99
2024-05-01T22:21:00,A,1,22.35,59.14,12.27
2024-05-01T22:22:00,A,1,22.57,58.59,12.73
2024-05-01T22:23:00,A,1,22.15,58.7,13.0
2024-05-01T22:24:00,A,1,22.04,61.68,12.26
2024-05-01T22:25:00,A,1,22.14,59.28,12.34
2024-05-01T22:26:00,A,1,23.08,59.85,11.92
2024-05-01T22:27:00,A,1,22.02,59.65,12.09
2024-05-01T22:28:00,A,1,22.18,60.47,12.58
2024-05-01T22:29:00,A,1,21.98,58.91,12.39
2024-05-01T22:30:00,A,1,21.64,61.31,13.04
2024-05-01T22:31:00,A,1,22.74,59.42,12.84
2024-05-01T22:32:00,A,1,22.36,60.17,12.81
2024-05-01T22:33:00,A,1,22.64,59.12,12.88
2024-05-01T22:34:00,A,1,22.31,57.53,11.39
2024-05-01T22:35:00,A,1,22.25,57.36,13.01
2024-05-01T22:36:00,A,1,22.46,60.11,11.31
2024-05-01T22:37:00,A,1,22.55,59.97,13.46
2024-05-01T22:38:00,A,1,22.51,60.82,12.39
2024-05-01T22:39:00,A,1,23.02,61.32,12.86
2024-05-01T22:40:00,A,1,22.57,57.51,13.13
2024-05-01T22:41:00,A,1,22.05,59.98,12.31
2024-05-01T22:42:00,A,1,23.12,60.69,12.67
2024-05-01T22:43:00,A,1,22.02,59.75,12.98
2024-05-01T22:44:00,A,1,22.57,59.67,11.96
2024-05-01T22:45:00,A,1,21.95,58.95,12.42
2024-05-01T22:46:00,A,1,22.51,60.68,12.34
2024-05-01T22:47:00,A,1,23.0,57.4,13.13
2024-05-01T22:48:00,A,1,22.81,60.5,12.39
2024-05-01T22:49:00,A,1,22.32,59.77,12.5
2024-05-01T22:50:00,A,1,23.1,57.02,12.57
2024-05-01T22:51:00,A,1,22.49,60.74,13.3
2024-05-01T22:52:00,A,1,22.98,62.53,13.2
2024-05-01T22:53:00,A,1,22.02,60.26,12.52
2024-05-01T22:54:00,A,1,22.74,61.0,13.48
2024-05-01T22:55:00,A,1,22.66,61.12,13.46
2024-05-01T22:56:00,A,1,22.42,60.13,12.05
2024-05-01T22:57:00,A,1,22.97,57.49,13.33
2024-05-01T22:58:00,A,1,22.34,60.3,13.85
2024-05-01T22:59:00,A,1,23.59,59.34,12.45
2024-05-01T23:00:00,A,1,22.26,57.68,13.11
2024-05-01T23:01:00,A,1,21.98,58.99,12.97
2024-05-01T23:02:00,A,1,23.24,59.04,13.33
2024-05-01T23:03:00,A,1,22.42,56.75,13.21
2024-05-01T23:04:00,A,1,22.34,59.78,12.54
2024-05-01T23:05:00,A,1,22.13,59.47,12.61
2024-05-01T23:06:00,A,1,22.34,56.88,12.2
2024-05-01T23:07:00,A,1,22.68,59.32,13.91
2024-05-01T23:08:00,A,1,21.47,60.3,13.36
2024-05-01T23:09:00,A,1,22.93,59.86,12.39
2024-05-01T23:10:00,A,1,22.85,58.29,13.4
2024-05-01T23:11:00,A,1,22.65,60.22,13.62
2024-05-01T23:12:00,A,1,22.98,59.14,12.76
2024-05-01T23:13:00,A,1,23.12,59.99,14.53
2024-05-01T23:14:00,A,1,23.64,59.07,13.14
2024-05-01T23:15:00,A,1,22.84,58.6,13.39
2024-05-01T23:16:00,A,1,22.87,61.6,12.86
2024-05-01T23:17:00,A,1,22.9,59.77,13.83
2024-05-01T23:18:00,A,1,23.36,60.41,13.98
2024-05-01T23:19:00,A,1,22.92,58.13,13.25
2024-05-01T23:20:00,A,1,23.66,61.65,12.24
2024-05-01T23:21:00,A,1,22.77,60.34,12.7
2024-05-01T23:22:00,A,1,22.83,60.63,12.63
2024-05-01T23:23:00,A,1,22.71,59.92,12.82
2024-05-01T23:24:00,A,1,22.84,61.0,12.67
2024-05-01T23:25:00,A,1,22.77,57.51,14.21
2024-05-01T23:26:00,A,1,22.87,60.9,14.23
2024-05-01T23:27:00,A,1,23.1,61.09,12.88
2024-05-01T23:28:00,A,1,22.83,58.66,13.88
2024-05-01T23:29:00,A,1,23.44,57.98,13.29
2024-05-01T23:30:00,A,1,22.91,60.8,13.21
2024-05-01T23:31:00,A,1,23.58,61.67,13.81
2024-05-01T23:32:00,A,1,22.58,61.1,14.35
2024-05-01T23:33:00,A,1,23.64,59.46,13.32
2024-05-01T23:34:00,A,1,23.6,60.28,13.81
2024-05-01T23:35:00,A,1,23.6,60.95,13.66
2024-05-01T23:36:00,A,1,23.05,61.12,12.43
2024-05-01T23:37:00,A,1,22.82,58.79,13.46
2024-05-01T23:38:00,A,1,22.48,61.02,13.38
2024-05-01T23:39:00,A,1,23.69,60.05,13.84
2024-05-01T23:40:00,A,1,23.23,62.43,13.98
2024-05-01T23:41:00,A,1,23.13,60.05,13.92
2024-05-01T23:42:00,A,1,23.71,60.3,14.09
2024-05-01T23:43:00,A,1,23.71,59.4,14.28
2024-05-01T23:44:00,A,1,23.15,62.25,13.41
2024-05-01T23:45:00,A,1,22.66,59.0,14.25
2024-05-01T23:46:00,A,1,23.42,62.28,14.12
2024-05-01T23:47:00,A,1,23.2,60.61,13.05
2024-05-01T23:48:00,A,1,23.34,60.45,13.4
2024-05-01T23:49:00,A,1,22.75,60.5,13.82
2024-05-01T23:50:00,A,1,23.34,58.58,13.0
2024-05-01T23:51:00,A,1,23.16,61.76,14.0
2024-05-01T23:52:00,A,1,23.46,61.51,13.51
2024-05-01T23:53:00,A,1,22.94,61.03,13.88
2024-05-01T23:54:00,A,1,23.3,58.49,14.19
2024-05-01T23:55:00,A,1,22.99,59.67,14.04
2024-05-01T23:56:00,A,1,23.77,58.75,15.59
2024-05-01T23:57:00,A,1,23.05,61.21,13.81
2024-05-01T23:58:00,A,1,24.23,60.01,14.3
2024-05-01T23:59:00,A,1,23.48,60.64,14.51
2024-05-02T00:00:00,A,1,22.93,58.48,14.35
2024-05-02T00:01:00,A,1,23.44,60.01,13.92
2024-05-02T00:02:00,A,1,23.14,58.47,13.37
2024-05-02T00:03:00,A,1,22.65,60.61,13.62
2024-05-02T00:04:00,A,1,22.96,58.78,14.18
2024-05-02T00:05:00,A,1,24.08,59.44,14.78
2024-05-02T00:06:00,A,1,23.48,61.42,13.47
2024-05-02T00:07:00,A,1,23.47,59.1,12.68
2024-05-02T00:08:00,A,1,23.48,60.86,14.29
2024-05-02T00:09:00,A,1,23.65,63.04,14.15
2024-05-02T00:10:00,A,1,23.94,60.21,14.91
2024-05-02T00:11:00,A,1,24.23,60.51,13.92
2024-05-02T00:12:00,A,1,23.62,59.93,13.58
2024-05-02T00:13:00,A,1,23.67,60.56,13.47
2024-05-02T00:14:00,A,1,24.01,59.53,13.24
2024-05-02T00:15:00,A,1,24.28,60.42,14.65
2024-05-02T00:16:00,A,1,23.77,60.81,13.37
2024-05-02T00:17:00,A,1,24.01,62.29,14.93
2024-05-02T00:18:00,A,1,24.69,59.87,14.33
2024-05-02T00:19:00,A,1,23.41,58.72,13.88
2024-05-02T00:20:00,A,1,24.06,59.76,14.04
2024-05-02T00:21:00,A,1,24.02,59.3,12.39
2024-05-02T00:22:00,A,1,24.49,61.76,14.98
2024-05-02T00:23:00,A,1,22.68,58.87,15.03
2024-05-02T00:24:00,A,1,23.5,60.67,14.77
2024-05-02T00:25:00,A,1,23.77,61.48,14.84
2024-05-02T00:26:00,A,1,23.89,58.14,15.12
2024-05-02T00:27:00,A,1,23.7,60.21,13.99
2024-05-02T00:28:00,A,1,23.79,59.37,15.53
2024-05-02T00:29:00,A,1,23.67,59.7,15.69
2024-05-02T00:30:00,A,1,24.74,59.98,14.36
2024-05-02T00:31:00,A,1,23.81,58.89,14.92
2024-05-02T00:32:00,A,1,23.97,62.07,13.23
2024-05-02T00:33:00,A,1,23.99,60.45,14.63
2024-05-02T00:34:00,A,1,24.01,60.47,14.17
2024-05-02T00:35:00,A,1,23.8,59.38,13.89
2024-05-02T00:36:00,A,1,23.75,58.82,14.88
2024-05-02T00:37:00,A,1,24.7,60.32,15.71
2024-05-02T00:38:00,A,1,23.61,59.96,13.67
2024-05-02T00:39:00,A,1,24.37,59.61,13.9
2024-05-02T00:40:00,A,1,23.49,60.14,15.07
2024-05-02T00:41:00,A,1,23.84,60.34,15.14
2024-05-02T00:42:00,A,1,24.58,59.3,15.72
2024-05-02T00:43:00,A,1,23.27,62.17,14.54
2024-05-02T00:44:00,A,1,24.05,57.54,13.99
2024-05-02T00:45:00,A,1,24.13,62.52,15.3
2024-05-02T00:46:00,A,1,24.25,58.53,15.22
2024-05-02T00:47:00,A,1,23.43,60.33,14.99
2024-05-02T00:48:00,A,1,24.18,56.96,14.51
2024-05-02T00:49:00,A,1,24.74,59.48,14.78
2024-05-02T00:50:00,A,1,24.24,59.88,14.56
2024-05-02T00:51:00,A,1,24.07,60.91,15.31
2024-05-02T00:52:00,A,1,23.79,60.81,14.29
2024-05-02T00:53:00,A,1,24.34,59.79,15.72
2024-05-02T00:54:00,A,1,24.15,57.44,16.2
2024-05-02T00:55:00,A,1,24.26,60.81,15.6
2024-05-02T00:56:00,A,1,23.35,57.36,14.73
2024-05-02T00:57:00,A,1,24.6,59.72,15.25
2024-05-02T00:58:00,A,1,24.54,60.19,15.28
2024-05-02T00:59:00,A,1,24.09,58.63,14.93
2024-05-02T01:00:00,A,1,24.28,57.69,15.7
2024-05-02T01:01:00,A,1,24.16,62.59,15.03
2024-05-02T01:02:00,A,1,24.11,61.04,15.08
2024-05-02T01:03:00,A,1,24.85,61.73,15.16
2024-05-02T01:04:00,A,1,23.82,59.11,14.22
2024-05-02T01:05:00,A,1,24.14,60.13,14.05
2024-05-02T01:06:00,A,1,24.44,60.35,15.34
2024-05-02T01:07:00,A,1,24.32,63.87,14.37
2024-05-02T01:08:00,A,1,24.04,58.68,15.43
2024-05-02T01:09:00,A,1,24.45,60.21,15.21
2024-05-02T01:10:00,A,1,24.11,61.24,14.82
2024-05-02T01:11:00,A,1,24.76,60.38,14.45
2024-05-02T01:12:00,A,1,24.2,61.74,14.79
2024-05-02T01:13:00,A,1,24.75,58.83,16.39
2024-05-02T01:14:00,A,1,24.65,59.56,15.97
2024-05-02T01:15:00,A,1,24.47,60.78,14.3
2024-05-02T01:16:00,A,1,24.9,60.46,15.25
2024-05-02T01:17:00,A,1,24.97,59.92,15.34
2024-05-02T01:18:00,A,1,25.03,58.57,14.86
2024-05-02T01:19:00,A,1,24.47,59.88,15.59
2024-05-02T01:20:00,A,1,24.32,60.35,14.75
2024-05-02T01:21:00,A,1,25.27,57.5,15.88
2024-05-02T01:22:00,A,1,24.57,59.27,15.39
2024-05-02T01:23:00,A,1,24.3,58.83,14.32
2024-05-02T01:24:00,A,1,24.36,57.18,15.55
2024-05-02T01:25:00,A,1,23.51,59.67,15.9
2024-05-02T01:26:00,A,1,24.12,59.49,15.69
2024-05-02T01:27:00,A,1,24.71,60.72,16.52
2024-05-02T01:28:00,A,1,24.54,58.75,16.41
2024-05-02T01:29:00,A,1,24.79,58.15,15.4
2024-05-02T01:30:00,A,1,24.79,59.49,14.92
2024-05-02T01:31:00,A,1,25.51,59.64,15.68
2024-05-02T01:32:00,A,1,24.27,58.85,15.08
2024-05-02T01:33:00,A,1,25.4,59.07,15.22
2024-05-02T01:34:00,A,1,25.14,59.42,15.72
2024-05-02T01:35:00,A,1,24.72,60.6,16.48
2024-05-02T01:36:00,A,1,25.09,61.33,15.65
2024-05-02T01:37:00,A,1,24.91,58.96,15.32
2024-05-02T01:38:00,A,1,24.72,57.91,15.85
2024-05-02T01:39:00,A,1,24.88,60.6,15.47
2024-05-02T01:40:00,A,1,24.18,62.08,16.64
2024-05-02T01:41:00,A,1,24.75,59.31,15.99
2024-05-02T01:42:00,A,1,24.26,61.12,15.13
2024-05-02T01:43:00,A,1,25.34,57.89,15.89
2024-05-02T01:44:00,A,1,24.62,57.97,14.78
2024-05-02T01:45:00,A,1,24.4,59.42,15.35
2024-05-02T01:46:00,A,1,24.88,60.41,15.51
2024-05-02T01:47:00,A,1,24.67,61.98,15.71
2024-05-02T01:48:00,A,1,24.91,59.27,15.62
2024-05-02T01:49:00,A,1,24.32,57.92,15.3
2024-05-02T01:50:00,A,1,24.27,59.26,16.07
2024-05-02T01:51:00,A,1,25.62,58.75,15.04
2024-05-02T01:52:00,A,1,24.78,59.99,16.46
2024-05-02T01:53:00,A,1,25.12,57.98,15.09
2024-05-02T01:54:00,A,1,25.88,58.82,15.09
2024-05-02T01:55:00,A,1,24.46,59.3,15.81
2024-05-02T01:56:00,A,1,25.42,59.47,16.86
2024-05-02T01:57:00,A,1,26.08,59.98,17.21
2024-05-02T01:58:00,A,1,25.87,59.37,15.03
2024-05-02T01:59:00,A,1,24.83,58.91,15.25
2024-05-02T02:00:00,A,1,25.03,58.63,15.76
2024-05-02T02:01:00,A,1,24.34,59.97,16.71
2024-05-02T02:02:00,A,1,25.27,58.21,16.39
2024-05-02T02:03:00,A,1,24.68,58.94,17.2
2024-05-02T02:04:00,A,1,25.06,58.64,14.31
2024-05-02T02:05:00,A,1,24.32,58.34,16.63
2024-05-02T02:06:00,A,1,24.88,59.56,16.06
2024-05-02T02:07:00,A,1,25.39,60.43,16.64
2024-05-02T02:08:00,A,1,25.28,57.98,16.58
2024-05-02T02:09:00,A,1,25.16,59.41,15.76
2024-05-02T02:10:00,A,1,24.27,57.85,15.68
2024-05-02T02:11:00,A,1,24.94,57.58,16.09
2024-05-02T02:12:00,A,1,24.8,57.64,15.56
2024-05-02T02:13:00,A,1,25.07,61.1,16.69
2024-05-02T02:14:00,A,1,25.29,59.51,16.87
2024-05-02T02:15:00,A,1,25.43,58.36,15.68
2024-05-02T02:16:00,A,1,25.03,57.96,15.89
2024-05-02T02:17:00,A,1,25.75,60.04,15.97
2024-05-02T02:18:00,A,1,25.73,58.13,16.14
2024-05-02T02:19:00,A,1,25.07,58.05,16.8
2024-05-02T02:20:00,A,1,25.21,58.71,15.67
2024-05-02T02:21:00,A,1,24.84,59.37,16.61
2024-05-02T02:22:00,A,1,25.22,59.26,16.39
2024-05-02T02:23:00,A,1,25.52,59.89,15.88
2024-05-02T02:24:00,A,1,25.28,59.53,14.8
2024-05-02T02:25:00,A,1,25.3,58.45,16.37
2024-05-02T02:26:00,A,1,25.95,59.78,14.79
2024-05-02T02:27:00,A,1,25.48,59.77,16.6
2024-05-02T02:28:00,A,1,24.99,59.72,16.45
2024-05-02T02:29:00,A,1,25.15,56.58,16.62
2024-05-02T02:30:00,A,1,25.08,60.25,16.58
2024-05-02T02:31:00,A,1,25.91,59.06,17.62
2024-05-02T02:32:00,A,1,25.04,60.31,16.57
2024-05-02T02:33:00,A,1,24.39,57.91,17.13
2024-05-02T02:34:00,A,1,25.68,59.73,16.02
2024-05-02T02:35:00,A,1,26.17,59.66,16.38
2024-05-02T02:36:00,A,1,25.54,58.84,15.4
2024-05-02T02:37:00,A,1,25.18,56.47,16.2
2024-05-02T02:38:00,A,1,25.49,60.12,15.94
2024-05-02T02:39:00,A,1,25.48,58.34,16.35
2024-05-02T02:40:00,A,1,24.99,58.26,16.6
2024-05-02T02:41:00,A,1,25.34,56.96,16.14
2024-05-02T02:42:00,A,1,24.79,58.56,16.0
2024-05-02T02:43:00,A,1,25.23,58.8,17.8
2024-05-02T02:44:00,A,1,26.06,60.85,16.8
2024-05-02T02:45:00,A,1,25.25,60.19,16.25
2024-05-02T02:46:00,A,1,25.91,56.49,16.32
2024-05-02T02:47:00,A,1,25.3,58.82,17.41
2024-05-02T02:48:00,A,1,25.12,59.62,16.9
2024-05-02T02:49:00,A,1,25.23,58.67,16.37
2024-05-02T02:50:00,A,1,25.05,59.35,16.49
2024-05-02T02:51:00,A,1,26.09,57.37,15.96
2024-05-02T02:52:00,A,1,25.9,57.98,17.13
2024-05-02T02:53:00,A,1,25.22,59.03,17.58
2024-05-02T02:54:00,A,1,25.56,59.38,16.97
2024-05-02T02:55:00,A,1,25.81,60.36,17.01
2024-05-02T02:56:00,A,1,25.34,59.07,16.68
2024-05-02T02:57:00,A,1,25.13,58.18,16.87
2024-05-02T02:58:00,A,1,25.6,57.76,16.98
2024-05-02T02:59:00,A,1,25.22,59.04,16.55
2024-05-02T03:00:00,A,1,25.46,57.94,16.31
2024-05-02T03:01:00,A,1,25.05,59.09,17.43
2024-05-02T03:02:00,A,1,25.38,58.4,17.35
2024-05-02T03:03:00,A,1,25.53,59.79,17.38
2024-05-02T03:04:00,A,1,25.53,58.49,16.7
2024-05-02T03:05:00,A,1,26.24,57.45,16.79
2024-05-02T03:06:00,A,1,25.68,58.8,17.14
2024-05-02T03:07:00,A,1,25.77,56.92,16.52
2024-05-02T03:08:00,A,1,26.26,57.91,17.92
2024-05-02T03:09:00,A,1,25.27,57.69,16.05
2024-05-02T03:10:00,A,1,25.93,57.43,17.37
2024-05-02T03:11:00,A,1,26.3,58.92,17.55
2024-05-02T03:12:00,A,1,26.05,57.22,16.67
2024-05-02T03:13:00,A,1,25.88,58.61,18.02
2024-05-02T03:14:00,A,1,25.78,56.05,17.5
2024-05-02T03:15:00,A,1,25.59,59.32,16.99
2024-05-02T03:16:00,A,1,25.6,60.59,16.81
2024-05-02T03:17:00,A,1,25.58,59.29,16.87
2024-05-02T03:18:00,A,1,25.97,59.75,16.57
2024-05-02T03:19:00,A,1,26.5,58.62,17.11
2024-05-02T03:20:00,A,1,26.49,59.32,17.19
2024-05-02T03:21:00,A,1,25.74,56.18,17.01
2024-05-02T03:22:00,A,1,26.15,58.51,16.18
2024-05-02T03:23:00,A,1,25.62,60.46,17.4
2024-05-02T03:24:00,A,1,26.5,59.73,16.67
2024-05-02T03:25:00,A,1,26.01,59.09,17.63
2024-05-02T03:26:00,A,1,26.1,57.87,17.5
2024-05-02T03:27:00,A,1,25.53,57.35,17.02
2024-05-02T03:28:00,A,1,25.95,58.56,17.5
2024-05-02T03:29:00,A,1,25.56,58.97,17.36
2024-05-02T03:30:00,A,1,26.23,59.34,18.21
2024-05-02T03:31:00,A,1,26.11,56.65,17.21
2024-05-02T03:32:00,A,1,26.55,57.29,16.7
2024-05-02T03:33:00,A,1,26.06,58.93,17.01
2024-05-02T03:34:00,A,1,26.21,57.52,16.01
2024-05-02T03:35:00,A,1,26.23,56.41,17.68
2024-05-02T03:36:00,A,1,25.89,58.0,17.86
2024-05-02T03:37:00,A,1,26.02,58.29,17.94
2024-05-02T03:38:00,A,1,26.15,58.77,17.01
2024-05-02T03:39:00,A,1,25.4,59.42,16.87
2024-05-02T03:40:00,A,1,27.0,59.91,18.75
2024-05-02T03:41:00,A,1,25.79,58.34,17.24
2024-05-02T03:42:00,A,1,26.41,59.0,17.83
2024-05-02T03:43:00,A,1,26.86,55.41,17.43
2024-05-02T03:44:00,A,1,25.88,59.19,17.78
2024-05-02T03:45:00,A,1,26.6,57.98,17.59
2024-05-02T03:46:00,A,1,26.4,58.89,16.64
2024-05-02T03:47:00,A,1,26.16,59.04,17.28
2024-05-02T03:48:00,A,1,25.95,57.67,18.34
2024-05-02T03:49:00,A,1,26.39,57.44,17.63
2024-05-02T03:50:00,A,1,26.32,56.65,17.23
2024-05-02T03:51:00,A,1,25.52,55.32,16.67
2024-05-02T03:52:00,A,1,25.8,58.55,16.14
2024-05-02T03:53:00,A,1,25.03,56.29,18.24
2024-05-02T03:54:00,A,1,25.34,59.01,18.12
2024-05-02T03:55:00,A,1,26.49,57.41,18.09
2024-05-02T03:56:00,A,1,26.13,56.83,18.82
2024-05-02T03:57:00,A,1,25.78,56.32,17.96
2024-05-02T03:58:00,A,1,25.92,57.59,17.45
2024-05-02T03:59:00,A,1,25.83,58.92,18.06
2024-05-02T04:00:00,A,1,26.55,55.93,16.9
2024-05-02T04:01:00,A,1,25.9,56.76,18.15
2024-05-02T04:02:00,A,1,26.22,59.7,18.41
2024-05-02T04:03:00,A,1,26.78,57.63,17.54
2024-05-02T04:04:00,A,1,25.9,54.99,17.62
2024-05-02T04:05:00,A,1,26.4,56.82,17.08
2024-05-02T04:06:00,A,1,26.54,58.34,17.28
2024-05-02T04:07:00,A,1,25.98,59.03,17.61
2024-05-02T04:08:00,A,1,25.92,58.68,17.06
2024-05-02T04:09:00,A,1,25.94,54.92,17.1
2024-05-02T04:10:00,A,1,26.96,59.71,18.19
2024-05-02T04:11:00,A,1,26.56,58.33,17.35
2024-05-02T04:12:00,A,1,26.34,58.8,18.3
2024-05-02T04:13:00,A,1,26.13,57.96,17.53
2024-05-02T04:14:00,A,1,26.2,57.33,16.33
2024-05-02T04:15:00,A,1,26.07,58.27,18.14
2024-05-02T04:16:00,A,1,25.89,56.59,17.66
2024-05-02T04:17:00,A,1,26.44,54.24,17.43
2024-05-02T04:18:00,A,1,25.83,56.9,17.31
2024-05-02T04:19:00,A,1,26.12,55.67,18.02
2024-05-02T04:20:00,A,1,26.3,55.29,17.61
2024-05-02T04:21:00,A,1,26.67,57.39,18.07
2024-05-02T04:22:00,A,1,26.85,56.16,17.05
2024-05-02T04:23:00,A,1,26.17,57.01,17.15
2024-05-02T04:24:00,A,1,27.01,56.59,16.15
2024-05-02T04:25:00,A,1,26.34,56.74,17.34
2024-05-02T04:26:00,A,1,26.54,58.51,17.26
2024-05-02T04:27:00,A,1,26.53,57.91,16.65
2024-05-02T04:28:00,A,1,27.23,56.06,17.07
2024-05-02T04:29:00,A,1,26.29,56.29,17.72
2024-05-02T04:30:00,A,1,26.95,55.72,17.34
2024-05-02T04:31:00,A,1,25.99,58.33,18.8
2024-05-02T04:32:00,A,1,26.1,58.54,17.36
2024-05-02T04:33:00,A,1,26.05,56.85,17.43
2024-05-02T04:34:00,A,1,26.09,57.47,17.53
2024-05-02T04:35:00,A,1,26.87,58.91,17.0
2024-05-02T04:36:00,A,1,26.8,55.19,17.4
2024-05-02T04:37:00,A,1,26.11,56.62,17.53
2024-05-02T04:38:00,A,1,27.09,56.4,18.44
2024-05-02T04:39:00,A,1,26.33,57.58,17.8
2024-05-02T04:40:00,A,1,26.67,53.49,17.74
2024-05-02T04:41:00,A,1,25.65,56.79,18.43
2024-05-02T04:42:00,A,1,26.84,58.59,17.53
2024-05-02T04:43:00,A,1,26.06,58.16,18.09
2024-05-02T04:44:00,A,1,25.87,57.3,17.46
2024-05-02T04:45:00,A,1,25.95,56.87,18.33
2024-05-02T04:46:00,A,1,26.09,56.97,17.1
2024-05-02T04:47:00,A,1,26.56,54.88,18.78
2024-05-02T04:48:00,A,1,26.22,54.55,17.0
2024-05-02T04:49:00,A,1,25.79,57.62,16.35
2024-05-02T04:50:00,A,1,27.36,57.03,18.27
2024-05-02T04:51:00,A,1,27.09,57.9,17.42
2024-05-02T04:52:00,A,1,26.12,56.94,18.23
2024-05-02T04:53:00,A,1,26.69,57.25,18.54
2024-05-02T04:54:00,A,1,25.82,56.71,17.57
2024-05-02T04:55:00,A,1,26.6,55.89,18.67
2024-05-02T04:56:00,A,1,26.43,56.09,17.86
2024-05-02T04:57:00,A,1,25.82,56.64,19.06
2024-05-02T04:58:00,A,1,26.83,57.59,17.76
2024-05-02T04:59:00,A,1,27.05,57.26,17.86
2024-05-02T05:00:00,A,1,26.57,56.73,16.1
2024-05-02T05:01:00,A,1,26.6,57.47,17.36
2024-05-02T05:02:00,A,1,26.76,56.23,16.75
2024-05-02T05:03:00,A,1,26.12,55.52,18.1
2024-05-02T05:04:00,A,1,26.62,57.25,18.24
2024-05-02T05:05:00,A,1,26.44,57.95,17.39
2024-05-02T05:06:00,A,1,26.86,55.83,18.38
2024-05-02T05:07:00,A,1,26.09,54.36,16.95
2024-05-02T05:08:00,A,1,26.3,54.96,18.17
2024-05-02T05:09:00,A,1,26.41,56.35,17.56
2024-05-02T05:10:00,A,1,26.88,56.66,17.65
2024-05-02T05:11:00,A,1,26.04,55.73,17.58
2024-05-02T05:12:00,A,1,26.17,57.06,17.55
2024-05-02T05:13:00,A,1,25.87,59.32,17.95
2024-05-02T05:14:00,A,1,26.11,56.63,18.75
2024-05-02T05:15:00,A,1,26.52,55.71,18.56
2024-05-02T05:16:00,A,1,26.2,55.41,18.01
2024-05-02T05:17:00,A,1,26.6,53.66,16.97
2024-05-02T05:18:00,A,1,26.22,54.85,17.07
2024-05-02T05:19:00,A,1,26.81,55.77,17.75
2024-05-02T05:20:00,A,1,26.75,56.8,17.18
2024-05-02T05:21:00,A,1,26.94,56.31,17.83
2024-05-02T05:22:00,A,1,26.95,57.7,17.7
2024-05-02T05:23:00,A,1,26.48,55.44,18.6
2024-05-02T05:24:00,A,1,26.68,55.55,17.89
2024-05-02T05:25:00,A,1,26.2,58.27,18.59
2024-05-02T05:26:00,A,1,26.49,54.22,17.88
2024-05-02T05:27:00,A,1,26.5,57.08,18.06
2024-05-02T05:28:00,A,1,26.05,53.69,17.63
2024-05-02T05:29:00,A,1,26.03,55.48,18.09
2024-05-02T05:30:00,A,1,26.4,56.72,18.33
2024-05-02T05:31:00,A,1,26.78,55.36,17.34
2024-05-02T05:32:00,A,1,26.59,55.39,18.8
2024-05-02T05:33:00,A,1,27.03,56.31,18.09
2024-05-02T05:34:00,A,1,26.52,54.61,18.05
2024-05-02T05:35:00,A,1,27.7,56.36,18.19
2024-05-02T05:36:00,A,1,26.62,55.91,18.89
2024-05-02T05:37:00,A,1,26.4,56.21,17.44
2024-05-02T05:38:00,A,1,26.39,54.16,17.26
2024-05-02T05:39:00,A,1,27.33,55.13,17.84
2024-05-02T05:40:00,A,1,27.37,56.07,17.61
2024-05-02T05:41:00,A,1,26.72,53.79,17.87
2024-05-02T05:42:00,A,1,26.34,55.91,18.51
2024-05-02T05:43:00,A,1,26.96,54.43,18.45
2024-05-02T05:44:00,A,1,26.9,55.13,18.08
2024-05-02T05:45:00,A,1,26.99,56.53,18.29
2024-05-02T05:46:00,A,1,25.99,56.21,18.46
2024-05-02T05:47:00,A,1,26.6,54.29,17.78
2024-05-02T05:48:00,A,1,26.67,54.09,17.57
2024-05-02T05:49:00,A,1,26.85,57.66,16.78
2024-05-02T05:50:00,A,1,26.73,54.23,17.33
2024-05-02T05:51:00,A,1,26.83,51.68,17.85
2024-05-02T05:52:00,A,1,26.7,56.43,16.99
2024-05-02T05:53:00,A,1,25.96,56.25,17.7
2024-05-02T05:54:00,A,1,27.32,52.97,17.97
2024-05-02T05:55:00,A,1,25.97,54.79,18.15
2024-05-02T05:56:00,A,1,26.97,54.45,17.94
2024-05-02T05:57:00,A,1,26.5,57.33,17.78
2024-05-02T05:58:00,A,1,26.26,55.75,17.36
2024-05-02T05:59:00,A,1,26.63,55.01,18.08
2024-05-01T06:00:00,A,2,27.57,57.92,23.06
2024-05-01T06:01:00,A,2,27.6,60.4,21.21
2024-05-01T06:02:00,A,2,27.53,61.56,21.19
2024-05-01T06:03:00,A,2,27.67,60.22,22.73
2024-05-01T06:04:00,A,2,27.2,60.53,21.49
2024-05-01T06:05:00,A,2,27.07,60.11,21.73
2024-05-01T06:06:00,A,2,27.1,59.29,21.81
2024-05-01T06:07:00,A,2,27.28,58.86,21.45
2024-05-01T06:08:00,A,2,27.41,60.41,21.06
2024-05-01T06:09:00,A,2,27.43,60.32,22.34
2024-05-01T06:10:00,A,2,27.1,60.13,22.34
2024-05-01T06:11:00,A,2,27.84,59.17,22.35
2024-05-01T06:12:00,A,2,27.57,61.12,21.35
2024-05-01T06:13:00,A,2,27.28,61.15,22.18
2024-05-01T06:14:00,A,2,27.07,59.28,21.88
2024-05-01T06:15:00,A,2,27.52,61.03,21.95
2024-05-01T06:16:00,A,2,28.0,59.28,22.49
2024-05-01T06:17:00,A,2,26.46,59.41,21.66
2024-05-01T06:18:00,A,2,27.04,60.01,21.57
2024-05-01T06:19:00,A,2,27.84,59.8,21.35
2024-05-01T06:20:00,A,2,28.19,60.35,22.28
2024-05-01T06:21:00,A,2,27.26,59.57,22.31
2024-05-01T06:22:00,A,2,27.62,60.56,22.87
2024-05-01T06:23:00,A,2,27.79,58.34,22.15
2024-05-01T06:24:00,A,2,27.51,60.7,21.34
2024-05-01T06:25:00,A,2,27.63,60.87,22.33
2024-05-01T06:26:00,A,2,27.83,59.8,22.13
2024-05-01T06:27:00,A,2,27.08,58.89,22.04
2024-05-01T06:28:00,A,2,27.21,60.08,21.54
2024-05-01T06:29:00,A,2,27.49,61.29,21.41
2024-05-01T06:30:00,A,2,27.74,59.81,22.25
2024-05-01T06:31:00,A,2,27.46,60.17,21.89
2024-05-01T06:32:00,A,2,27.57,59.65,21.56
2024-05-01T06:33:00,A,2,27.68,59.5,22.27
2024-05-01T06:34:00,A,2,27.82,58.37,23.29
2024-05-01T06:35:00,A,2,27.56,60.22,20.72
2024-05-01T06:36:00,A,2,27.51,60.15,21.93
2024-05-01T06:37:00,A,2,27.38,59.17,21.69
2024-05-01T06:38:00,A,2,26.75,56.63,22.47
2024-05-01T06:39:00,A,2,27.32,60.27,20.86
2024-05-01T06:40:00,A,2,27.1,58.65,22.5
2024-05-01T06:41:00,A,2,27.14,59.17,22.29
2024-05-01T06:42:00,A,2,27.09,59.12,23.23
2024-05-01T06:43:00,A,2,26.5,60.71,22.96
2024-05-01T06:44:00,A,2,27.11,57.68,22.29
2024-05-01T06:45:00,A,2,27.36,60.12,21.09
2024-05-01T06:46:00,A,2,27.1,57.59,22.4
2024-05-01T06:47:00,A,2,26.9,59.13,20.67
2024-05-01T06:48:00,A,2,27.5,58.66,21.84
2024-05-01T06:49:00,A,2,27.5,58.54,22.26
2024-05-01T06:50:00,A,2,26.89,57.59,21.44
2024-05-01T06:51:00,A,2,27.28,59.78,22.41
2024-05-01T06:52:00,A,2,27.46,58.53,22.24
2024-05-01T06:53:00,A,2,27.64,57.81,21.63
2024-05-01T06:54:00,A,2,27.41,58.12,21.96
2024-05-01T06:55:00,A,2,27.56,59.29,22.73
2024-05-01T06:56:00,A,2,27.17,57.0,22.24
2024-05-01T06:57:00,A,2,27.03,58.71,21.99
2024-05-01T06:58:00,A,2,26.29,57.46,20.73
2024-05-01T06:59:00,A,2,26.44,57.96,21.9
2024-05-01T07:00:00,A,2,27.37,60.52,22.74
2024-05-01T07:01:00,A,2,27.59,60.02,21.99
2024-05-01T07:02:00,A,2,28.1,56.9,21.21
2024-05-01T07:03:00,A,2,27.09,58.12,21.72
2024-05-01T07:04:00,A,2,27.51,59.76,22.01
2024-05-01T07:05:00,A,2,27.72,59.09,21.29
2024-05-01T07:06:00,A,2,27.53,59.38,21.23
2024-05-01T07:07:00,A,2,26.88,58.99,21.87
2024-05-01T07:08:00,A,2,27.96,58.47,21.6
2024-05-01T07:09:00,A,2,27.46,59.3,21.56
2024-05-01T07:10:00,A,2,26.95,60.02,20.35
2024-05-01T07:11:00,A,2,27.95,57.46,22.31
2024-05-01T07:12:00,A,2,26.48,58.42,21.04
2024-05-01T07:13:00,A,2,26.89,56.29,22.35
2024-05-01T07:14:00,A,2,27.34,57.74,21.88
2024-05-01T07:15:00,A,2,26.96,59.77,21.88
2024-05-01T07:16:00,A,2,27.38,57.75,21.06
2024-05-01T07:17:00,A,2,27.04,57.49,21.31
2024-05-01T07:18:00,A,2,26.59,57.31,21.88
2024-05-01T07:19:00,A,2,27.63,59.16,21.67
2024-05-01T07:20:00,A,2,27.47,56.66,21.72
2024-05-01T07:21:00,A,2,27.49,57.71,21.73
2024-05-01T07:22:00,A,2,27.68,55.97,22.49
2024-05-01T07:23:00,A,2,27.73,59.71,22.65
2024-05-01T07:24:00,A,2,27.55,59.26,22.48
2024-05-01T07:25:00,A,2,27.61,60.38,21.81
2024-05-01T07:26:00,A,2,27.22,56.57,21.73
2024-05-01T07:27:00,A,2,27.03,60.78,21.66
2024-05-01T07:28:00,A,2,26.68,58.8,21.77
2024-05-01T07:29:00,A,2,27.42,58.82,21.72
2024-05-01T07:30:00,A,2,27.84,56.99,21.57
2024-05-01T07:31:00,A,2,27.98,57.41,22.32
2024-05-01T07:32:00,A,2,27.5,56.77,21.97
2024-05-01T07:33:00,A,2,27.15,57.18,22.4
2024-05-01T07:34:00,A,2,26.83,58.76,20.17
2024-05-01T07:35:00,A,2,26.84,60.47,22.39
2024-05-01T07:36:00,A,2,27.51,57.61,22.02
2024-05-01T07:37:00,A,2,27.13,57.96,22.36
2024-05-01T07:38:00,A,2,27.35,57.11,21.8
2024-05-01T07:39:00,A,2,27.75,57.87,20.86
2024-05-01T07:40:00,A,2,27.14,57.23,21.55
2024-05-01T07:41:00,A,2,27.12,60.2,21.75
2024-05-01T07:42:00,A,2,26.91,57.87,20.71
2024-05-01T07:43:00,A,2,26.96,60.0,21.73
2024-05-01T07:44:00,A,2,27.73,56.42,21.57
2024-05-01T07:45:00,A,2,27.55,57.84,21.48
2024-05-01T07:46:00,A,2,27.16,59.08,22.29
2024-05-01T07:47:00,A,2,27.18,57.22,21.53
2024-05-01T07:48:00,A,2,26.78,58.37,22.38
2024-05-01T07:49:00,A,2,26.81,57.86,21.66
2024-05-01T07:50:00,A,2,27.07,55.46,21.28
2024-05-01T07:51:00,A,2,27.36,57.38,21.71
2024-05-01T07:52:00,A,2,26.88,57.61,21.29
2024-05-01T07:53:00,A,2,27.3,59.73,21.27
2024-05-01T07:54:00,A,2,27.45,55.03,21.93
2024-05-01T07:55:00,A,2,27.68,57.92,21.85
2024-05-01T07:56:00,A,2,27.51,58.69,21.56
2024-05-01T07:57:00,A,2,26.78,54.93,20.68
2024-05-01T07:58:00,A,2,27.51,56.01,21.33
2024-05-01T07:59:00,A,2,27.72,58.02,21.61
2024-05-01T08:00:00,A,2,27.3,58.48,22.13
2024-05-01T08:01:00,A,2,27.63,58.13,21.79
2024-05-01T08:02:00,A,2,27.16,56.71,21.89
2024-05-01T08:03:00,A,2,26.72,57.38,21.77
2024-05-01T08:04:00,A,2,27.03,57.63,21.34
2024-05-01T08:05:00,A,2,27.72,55.78,22.04
2024-05-01T08:06:00,A,2,27.11,58.12,21.59
2024-05-01T08:07:00,A,2,26.77,58.1,21.21
2024-05-01T08:08:00,A,2,26.48,56.15,20.46
2024-05-01T08:09:00,A,2,27.23,55.71,21.01
2024-05-01T08:10:00,A,2,26.15,56.64,20.41
2024-05-01T08:11:00,A,2,26.99,57.75,21.73
2024-05-01T08:12:00,A,2,27.27,57.83,20.51
2024-05-01T08:13:00,A,2,26.94,59.51,20.75
2024-05-01T08:14:00,A,2,27.06,56.06,21.34
2024-05-01T08:15:00,A,2,26.7,57.35,22.72
2024-05-01T08:16:00,A,2,27.73,56.42,21.31
2024-05-01T08:17:00,A,2,26.28,56.05,21.26
2024-05-01T08:18:00,A,2,26.79,58.98,20.4
2024-05-01T08:19:00,A,2,26.9,56.19,21.12
2024-05-01T08:20:00,A,2,27.5,56.79,20.46
2024-05-01T08:21:00,A,2,26.06,54.21,20.57
2024-05-01T08:22:00,A,2,27.37,57.5,22.37
2024-05-01T08:23:00,A,2,27.09,56.83,20.42
2024-05-01T08:24:00,A,2,27.29,56.15,21.39
2024-05-01T08:25:00,A,2,26.68,58.05,21.22
2024-05-01T08:26:00,A,2,27.18,57.71,21.47
2024-05-01T08:27:00,A,2,27.21,58.69,20.19
2024-05-01T08:28:00,A,2,26.84,57.67,22.24
2024-05-01T08:29:00,A,2,27.0,58.41,21.15
2024-05-01T08:30:00,A,2,27.81,58.2,19.7
2024-05-01T08:31:00,A,2,25.94,56.44,20.91
2024-05-01T08:32:00,A,2,27.47,55.86,21.39
2024-05-01T08:33:00,A,2,27.22,59.1,20.63
2024-05-01T08:34:00,A,2,27.37,56.62,21.85
2024-05-01T08:35:00,A,2,26.78,58.05,22.4
2024-05-01T08:36:00,A,2,27.13,58.11,21.09
2024-05-01T08:37:00,A,2,27.38,56.4,20.29
2024-05-01T08:38:00,A,2,26.9,56.62,21.04
2024-05-01T08:39:00,A,2,26.19,56.83,22.28
2024-05-01T08:40:00,A,2,26.71,56.1,21.42
2024-05-01T08:41:00,A,2,26.45,57.21,21.22
2024-05-01T08:42:00,A,2,26.35,54.69,20.16
2024-05-01T08:43:00,A,2,26.85,54.71,21.06
2024-05-01T08:44:00,A,2,26.64,58.3,21.1
2024-05-01T08:45:00,A,2,26.5,55.27,21.98
2024-05-01T08:46:00,A,2,27.13,55.79,21.13
2024-05-01T08:47:00,A,2,26.34,56.44,22.34
2024-05-01T08:48:00,A,2,26.93,56.14,21.59
2024-05-01T08:49:00,A,2,26.35,56.6,21.87
2024-05-01T08:50:00,A,2,26.88,57.36,21.09
2024-05-01T08:51:00,A,2,26.86,55.59,21.47
2024-05-01T08:52:00,A,2,26.88,57.44,20.21
2024-05-01T08:53:00,A,2,26.98,56.93,20.87
2024-05-01T08:54:00,A,2,26.91,57.29,19.77
2024-05-01T08:55:00,A,2,27.05,55.34,19.86
2024-05-01T08:56:00,A,2,26.23,56.25,20.92
2024-05-01T08:57:00,A,2,26.84,56.25,20.54
2024-05-01T08:58:00,A,2,26.54,55.45,22.32
2024-05-01T08:59:00,A,2,26.54,57.94,21.37
2024-05-01T09:00:00,A,2,26.2,56.68,20.41
2024-05-01T09:01:00,A,2,26.92,57.14,20.82
2024-05-01T09:02:00,A,2,26.5,56.93,21.91
2024-05-01T09:03:00,A,2,26.28,57.84,20.45
2024-05-01T09:04:00,A,2,25.77,56.81,20.37
2024-05-01T09:05:00,A,2,26.54,54.51,19.91
2024-05-01T09:06:00,A,2,26.04,58.09,20.31
2024-05-01T09:07:00,A,2,27.12,57.04,21.39
2024-05-01T09:08:00,A,2,26.62,54.82,20.06
2024-05-01T09:09:00,A,2,26.61,55.09,20.87
2024-05-01T09:10:00,A,2,26.36,55.97,20.55
2024-05-01T09:11:00,A,2,26.7,54.69,21.03
2024-05-01T09:12:00,A,2,25.95,57.57,20.24
2024-05-01T09:13:00,A,2,26.38,57.25,20.24
2024-05-01T09:14:00,A,2,26.35,55.43,20.6
2024-05-01T09:15:00,A,2,26.11,56.75,20.9
2024-05-01T09:16:00,A,2,26.23,56.74,20.74
2024-05-01T09:17:00,A,2,25.79,57.79,21.01
2024-05-01T09:18:00,A,2,26.14,57.05,20.29
2024-05-01T09:19:00,A,2,26.38,57.27,20.14
2024-05-01T09:20:00,A,2,26.47,56.27,21.12
2024-05-01T09:21:00,A,2,26.23,55.25,20.66
2024-05-01T09:22:00,A,2,26.01,56.18,21.34
2024-05-01T09:23:00,A,2,26.04,55.81,20.9
2024-05-01T09:24:00,A,2,26.55,54.83,21.28
2024-05-01T09:25:00,A,2,27.28,56.63,20.62
2024-05-01T09:26:00,A,2,26.82,56.22,20.95
2024-05-01T09:27:00,A,2,27.07,56.34,20.17
2024-05-01T09:28:00,A,2,27.29,58.24,20.13
2024-05-01T09:29:00,A,2,26.16,56.4,19.66
2024-05-01T09:30:00,A,2,25.65,56.4,20.93
2024-05-01T09:31:00,A,2,26.74,57.27,19.8
2024-05-01T09:32:00,A,2,26.28,55.65,20.85
2024-05-01T09:33:00,A,2,26.14,57.91,20.8
2024-05-01T09:34:00,A,2,27.0,56.35,19.63
2024-05-01T09:35:00,A,2,26.83,56.69,20.24
2024-05-01T09:36:00,A,2,26.04,56.91,20.69
2024-05-01T09:37:00,A,2,26.67,57.08,19.56
2024-05-01T09:38:00,A,2,26.06,54.51,20.78
2024-05-01T09:39:00,A,2,26.79,56.72,20.94
2024-05-01T09:40:00,A,2,26.34,58.42,20.5
2024-05-01T09:41:00,A,2,25.72,54.29,19.91
2024-05-01T09:42:00,A,2,26.44,56.64,20.29
2024-05-01T09:43:00,A,2,26.03,56.51,19.8
2024-05-01T09:44:00,A,2,26.2,53.69,19.06
2024-05-01T09:45:00,A,2,25.27,53.84,21.25
2024-05-01T09:46:00,A,2,25.83,57.33,20.2
2024-05-01T09:47:00,A,2,25.17,55.78,20.19
2024-05-01T09:48:00,A,2,26.72,58.05,20.16
2024-05-01T09:49:00,A,2,26.11,56.92,19.51
2024-05-01T09:50:00,A,2,26.05,55.21,19.29
2024-05-01T09:51:00,A,2,26.22,55.17,19.71
2024-05-01T09:52:00,A,2,26.24,54.06,20.59
2024-05-01T09:53:00,A,2,26.18,56.1,20.25
2024-05-01T09:54:00,A,2,26.85,56.81,19.34
2024-05-01T09:55:00,A,2,25.44,55.24,20.99
2024-05-01T09:56:00,A,2,26.38,54.93,20.53
2024-05-01T09:57:00,A,2,25.17,54.44,20.61
2024-05-01T09:58:00,A,2,25.6,54.71,19.58
2024-05-01T09:59:00,A,2,26.3,55.22,19.89
2024-05-01T10:00:00,A,2,26.35,55.04,20.65
2024-05-01T10:01:00,A,2,25.93,54.46,19.61
2024-05-01T10:02:00,A,2,26.51,56.09,19.38
2024-05-01T10:03:00,A,2,26.29,54.4,19.73
2024-05-01T10:04:00,A,2,25.59,53.7,19.37
2024-05-01T10:05:00,A,2,26.21,54.49,19.24
2024-05-01T10:06:00,A,2,25.82,58.18,19.78
2024-05-01T10:07:00,A,2,26.13,53.13,19.38
2024-05-01T10:08:00,A,2,25.72,56.29,20.07
2024-05-01T10:09:00,A,2,25.52,55.47,19.34
2024-05-01T10:10:00,A,2,26.41,56.6,20.26
2024-05-01T10:11:00,A,2,25.61,53.31,19.35
2024-05-01T10:12:00,A,2,25.75,54.06,19.15
2024-05-01T10:13:00,A,2,25.76,54.75,20.07
2024-05-01T10:14:00,A,2,25.57,54.2,19.64
2024-05-01T10:15:00,A,2,25.53,55.25,21.1
2024-05-01T10:16:00,A,2,25.83,58.66,20.14
2024-05-01T10:17:00,A,2,25.89,53.64,20.42
2024-05-01T10:18:00,A,2,25.78,55.97,19.48
2024-05-01T10:19:00,A,2,25.27,56.45,20.26
2024-05-01T10:20:00,A,2,25.4,55.03,20.55
2024-05-01T10:21:00,A,2,25.75,57.1,20.3
2024-05-01T10:22:00,A,2,25.32,54.43,20.72
2024-05-01T10:23:00,A,2,25.45,55.69,19.86
2024-05-01T10:24:00,A,2,25.95,57.16,20.7
2024-05-01T10:25:00,A,2,25.32,54.53,18.74
2024-05-01T10:26:00,A,2,25.73,56.94,18.8
2024-05-01T10:27:00,A,2,25.36,56.08,19.68
2024-05-01T10:28:00,A,2,25.56,57.0,20.14
2024-05-01T10:29:00,A,2,26.09,55.65,19.46
2024-05-01T10:30:00,A,2,25.72,55.98,19.55
2024-05-01T10:31:00,A,2,25.39,55.11,19.01
2024-05-01T10:32:00,A,2,25.89,55.35,20.24
2024-05-01T10:33:00,A,2,26.62,54.31,19.6
2024-05-01T10:34:00,A,2,25.28,56.28,19.24
2024-05-01T10:35:00,A,2,25.06,54.92,20.4
2024-05-01T10:36:00,A,2,25.24,55.11,18.23
2024-05-01T10:37:00,A,2,25.88,56.88,19.82
2024-05-01T10:38:00,A,2,25.69,56.77,19.16
2024-05-01T10:39:00,A,2,25.14,55.48,19.0
2024-05-01T10:40:00,A,2,25.23,53.72,19.34
2024-05-01T10:41:00,A,2,24.52,53.95,18.83
2024-05-01T10:42:00,A,2,26.72,54.67,18.74
2024-05-01T10:43:00,A,2,25.49,54.47,18.93
2024-05-01T10:44:00,A,2,25.78,55.16,19.37
2024-05-01T10:45:00,A,2,26.15,57.23,18.47
2024-05-01T10:46:00,A,2,26.19,56.13,19.2
2024-05-01T10:47:00,A,2,25.64,55.68,18.56
2024-05-01T10:48:00,A,2,24.24,52.92,19.01
2024-05-01T10:49:00,A,2,25.21,57.18,18.53
2024-05-01T10:50:00,A,2,25.75,56.04,20.54
2024-05-01T10:51:00,A,2,24.91,55.09,19.0
2024-05-01T10:52:00,A,2,25.76,56.7,19.65
2024-05-01T10:53:00,A,2,25.85,55.94,19.16
2024-05-01T10:54:00,A,2,25.31,55.06,18.2
2024-05-01T10:55:00,A,2,24.94,53.04,18.52
2024-05-01T10:56:00,A,2,24.63,54.0,19.42
2024-05-01T10:57:00,A,2,25.3,57.15,18.55
2024-05-01T10:58:00,A,2,25.72,56.36,18.42
2024-05-01T10:59:00,A,2,25.08,54.7,18.53
2024-05-01T11:00:00,A,2,26.24,54.86,18.38
2024-05-01T11:01:00,A,2,24.37,53.55,18.05
2024-05-01T11:02:00,A,2,25.28,53.97,20.04
2024-05-01T11:03:00,A,2,25.12,55.44,18.55
2024-05-01T11:04:00,A,2,25.69,54.47,18.9
2024-05-01T11:05:00,A,2,25.16,55.52,18.63
2024-05-01T11:06:00,A,2,24.93,55.06,19.77
2024-05-01T11:07:00,A,2,25.48,53.43,19.46
2024-05-01T11:08:00,A,2,25.24,55.6,19.06
2024-05-01T11:09:00,A,2,25.43,52.95,18.32
2024-05-01T11:10:00,A,2,24.92,54.87,18.8
2024-05-01T11:11:00,A,2,25.91,53.34,18.33
2024-05-01T11:12:00,A,2,25.43,55.19,19.42
2024-05-01T11:13:00,A,2,24.91,55.92,19.26
2024-05-01T11:14:00,A,2,25.04,55.45,19.37
2024-05-01T11:15:00,A,2,25.34,55.83,19.07
2024-05-01T11:16:00,A,2,25.27,56.69,19.2
2024-05-01T11:17:00,A,2,24.84,53.47,17.45
2024-05-01T11:18:00,A,2,24.69,55.05,17.76
2024-05-01T11:19:00,A,2,24.53,56.15,17.74
2024-05-01T11:20:00,A,2,25.18,54.44,18.93
2024-05-01T11:21:00,A,2,24.61,54.53,18.52
2024-05-01T11:22:00,A,2,25.4,56.41,19.23
2024-05-01T11:23:00,A,2,25.14,53.91,19.32
2024-05-01T11:24:00,A,2,25.17,55.34,18.86
2024-05-01T11:25:00,A,2,25.1,56.05,18.11
2024-05-01T11:26:00,A,2,24.97,54.59,17.88
2024-05-01T11:27:00,A,2,25.41,55.39,18.25
2024-05-01T11:28:00,A,2,24.96,54.6,18.78
2024-05-01T11:29:00,A,2,25.06,55.22,18.93
2024-05-01T11:30:00,A,2,25.4,55.23,19.1
2024-05-01T11:31:00,A,2,25.65,55.35,18.12
2024-05-01T11:32:00,A,2,24.91,54.27,19.36
2024-05-01T11:33:00,A,2,25.45,53.67,18.6
2024-05-01T11:34:00,A,2,24.99,54.35,17.28
2024-05-01T11:35:00,A,2,24.95,52.89,18.6
2024-05-01T11:36:00,A,2,24.27,54.21,18.9
2024-05-01T11:37:00,A,2,25.23,55.42,18.13
2024-05-01T11:38:00,A,2,24.23,54.65,17.55
2024-05-01T11:39:00,A,2,24.95,54.45,18.88
2024-05-01T11:40:00,A,2,25.13,53.61,19.13
2024-05-01T11:41:00,A,2,24.48,54.39,17.97
2024-05-01T11:42:00,A,2,24.54,52.99,18.79
2024-05-01T11:43:00,A,2,24.76,56.39,18.54
2024-05-01T11:44:00,A,2,24.69,54.55,17.19
2024-05-01T11:45:00,A,2,24.97,54.27,17.72
2024-05-01T11:46:00,A,2,24.41,54.08,18.43
2024-05-01T11:47:00,A,2,24.51,54.29,17.77
2024-05-01T11:48:00,A,2,24.21,55.89,17.97
2024-05-01T11:49:00,A,2,25.07,54.26,17.96
2024-05-01T11:50:00,A,2,25.15,54.36,18.63
2024-05-01T11:51:00,A,2,24.35,53.95,18.18
2024-05-01T11:52:00,A,2,23.93,53.38,17.91
2024-05-01T11:53:00,A,2,24.87,55.36,18.49
2024-05-01T11:54:00,A,2,24.31,55.33,17.93
2024-05-01T11:55:00,A,2,24.39,54.77,18.04
2024-05-01T11:56:00,A,2,25.29,53.42,18.15
2024-05-01T11:57:00,A,2,23.89,53.23,18.55
2024-05-01T11:58:00,A,2,24.35,53.63,17.52
2024-05-01T11:59:00,A,2,24.22,56.77,17.78
2024-05-01T12:00:00,A,2,24.36,51.67,17.34
2024-05-01T12:01:00,A,2,24.24,55.35,17.75
2024-05-01T12:02:00,A,2,23.96,53.99,18.44
2024-05-01T12:03:00,A,2,25.03,54.74,17.29
2024-05-01T12:04:00,A,2,24.43,56.34,18.09
2024-05-01T12:05:00,A,2,24.4,52.28,18.13
2024-05-01T12:06:00,A,2,24.93,54.2,17.96
2024-05-01T12:07:00,A,2,23.68,55.74,16.65
2024-05-01T12:08:00,A,2,24.41,55.79,18.14
2024-05-01T12:09:00,A,2,24.71,54.5,18.08
2024-05-01T12:10:00,A,2,24.98,53.73,18.09
2024-05-01T12:11:00,A,2,24.22,55.28,18.48
2024-05-01T12:12:00,A,2,23.83,54.15,18.82
2024-05-01T12:13:00,A,2,23.85,53.53,17.09
2024-05-01T12:14:00,A,2,24.01,54.3,17.74
2024-05-01T12:15:00,A,2,24.15,55.44,18.07
2024-05-01T12:16:00,A,2,24.41,56.55,17.21
2024-05-01T12:17:00,A,2,24.37,54.95,16.88
2024-05-01T12:18:00,A,2,23.99,54.68,17.34
2024-05-01T12:19:00,A,2,24.08,54.66,17.37
2024-05-01T12:20:00,A,2,24.4,55.8,17.58
2024-05-01T12:21:00,A,2,24.33,54.31,18.51
2024-05-01T12:22:00,A,2,23.91,56.79,18.07
2024-05-01T12:23:00,A,2,24.62,56.14,17.84
2024-05-01T12:24:00,A,2,24.03,55.61,17.68
2024-05-01T12:25:00,A,2,24.46,56.12,18.42
2024-05-01T12:26:00,A,2,24.77,55.84,18.21
2024-05-01T12:27:00,A,2,23.86,55.31,16.29
2024-05-01T12:28:00,A,2,23.59,53.29,17.32
2024-05-01T12:29:00,A,2,23.21,55.74,15.85
2024-05-01T12:30:00,A,2,23.41,54.91,17.69
2024-05-01T12:31:00,A,2,24.28,56.32,17.37
2024-05-01T12:32:00,A,2,23.97,55.69,18.36
2024-05-01T12:33:00,A,2,24.64,55.9,17.66
2024-05-01T12:34:00,A,2,24.68,54.58,16.67
2024-05-01T12:35:00,A,2,23.65,54.14,18.2
2024-05-01T12:36:00,A,2,23.89,54.93,17.18
2024-05-01T12:37:00,A,2,24.02,54.57,17.61
2024-05-01T12:38:00,A,2,23.73,55.24,16.68
2024-05-01T12:39:00,A,2,24.0,55.94,17.62
2024-05-01T12:40:00,A,2,24.49,54.7,17.35
2024-05-01T12:41:00,A,2,23.72,55.76,18.09
2024-05-01T12:42:00,A,2,23.9,54.58,17.8
2024-05-01T12:43:00,A,2,24.96,53.32,17.17
2024-05-01T12:44:00,A,2,24.32,52.82,17.25
2024-05-01T12:45:00,A,2,23.76,54.33,15.94
2024-05-01T12:46:00,A,2,23.69,54.89,17.38
2024-05-01T12:47:00,A,2,24.59,56.84,16.18
2024-05-01T12:48:00,A,2,24.28,58.3,16.62
2024-05-01T12:49:00,A,2,23.61,53.72,16.7
2024-05-01T12:50:00,A,2,23.9,55.6,16.53
2024-05-01T12:51:00,A,2,24.2,55.17,17.84
2024-05-01T12:52:00,A,2,23.72,56.27,17.77
2024-05-01T12:53:00,A,2,24.16,56.79,17.0
2024-05-01T12:54:00,A,2,23.31,53.85,16.33
2024-05-01T12:55:00,A,2,24.28,53.28,17.94
2024-05-01T12:56:00,A,2,24.01,54.06,17.02
2024-05-01T12:57:00,A,2,23.35,55.06,17.61
2024-05-01T12:58:00,A,2,24.05,55.78,17.13
2024-05-01T12:59:00,A,2,23.53,56.66,16.83
2024-05-01T13:00:00,A,2,22.89,55.02,16.51
2024-05-01T13:01:00,A,2,23.49,55.02,17.09
2024-05-01T13:02:00,A,2,23.95,56.62,16.16
2024-05-01T13:03:00,A,2,24.54,57.0,16.59
2024-05-01T13:04:00,A,2,23.79,55.11,17.31
2024-05-01T13:05:00,A,2,24.12,55.86,16.31
2024-05-01T13:06:00,A,2,23.72,54.67,17.61
2024-05-01T13:07:00,A,2,24.13,54.01,15.81
2024-05-01T13:08:00,A,2,24.37,54.39,17.34
2024-05-01T13:09:00,A,2,23.96,56.28,17.33
2024-05-01T13:10:00,A,2,23.65,55.6,17.49
2024-05-01T13:11:00,A,2,23.14,53.79,17.01
2024-05-01T13:12:00,A,2,23.72,53.95,17.12
2024-05-01T13:13:00,A,2,23.85,56.4,16.61
2024-05-01T13:14:00,A,2,24.5,53.36,18.57
2024-05-01T13:15:00,A,2,23.65,54.27,16.64
2024-05-01T13:16:00,A,2,23.31,55.33,16.65
2024-05-01T13:17:00,A,2,23.51,55.76,17.2
2024-05-01T13:18:00,A,2,23.42,57.32,16.9
2024-05-01T13:19:00,A,2,23.85,56.83,16.02
2024-05-01T13:20:00,A,2,23.84,55.02,16.68
2024-05-01T13:21:00,A,2,24.1,56.34,16.79
2024-05-01T13:22:00,A,2,23.05,55.91,16.32
2024-05-01T13:23:00,A,2,23.62,54.99,15.04
2024-05-01T13:24:00,A,2,23.24,56.79,17.0
2024-05-01T13:25:00,A,2,23.54,53.49,16.33
2024-05-01T13:26:00,A,2,23.39,54.32,16.52
2024-05-01T13:27:00,A,2,23.75,55.67,16.96
2024-05-01T13:28:00,A,2,23.67,54.01,16.15
2024-05-01T13:29:00,A,2,22.99,52.37,16.94
2024-05-01T13:30:00,A,2,23.27,54.27,16.22
2024-05-01T13:31:00,A,2,22.91,54.39,16.27
2024-05-01T13:32:00,A,2,23.86,53.4,15.75
2024-05-01T13:33:00,A,2,23.78,55.92,16.76
2024-05-01T13:34:00,A,2,23.32,55.01,17.17
2024-05-01T13:35:00,A,2,23.12,55.67,16.55
2024-05-01T13:36:00,A,2,23.59,58.06,18.02
2024-05-01T13:37:00,A,2,22.41,55.39,15.43
2024-05-01T13:38:00,A,2,23.09,54.45,17.37
2024-05-01T13:39:00,A,2,23.99,54.75,16.26
2024-05-01T13:40:00,A,2,23.52,55.41,14.96
2024-05-01T13:41:00,A,2,23.01,56.7,16.62
2024-05-01T13:42:00,A,2,22.71,52.91,16.35
2024-05-01T13:43:00,A,2,23.62,54.15,17.08
2024-05-01T13:44:00,A,2,23.34,56.71,16.26
2024-05-01T13:45:00,A,2,22.95,54.83,15.88
2024-05-01T13:46:00,A,2,23.6,55.65,16.26
2024-05-01T13:47:00,A,2,21.95,55.18,16.21
2024-05-01T13:48:00,A,2,23.38,57.52,15.59
2024-05-01T13:49:00,A,2,23.45,56.22,16.51
2024-05-01T13:50:00,A,2,23.74,54.74,16.25
2024-05-01T13:51:00,A,2,22.39,54.8,15.42
2024-05-01T13:52:00,A,2,22.67,56.01,16.2
2024-05-01T13:53:00,A,2,22.87,53.79,15.04
2024-05-01T13:54:00,A,2,22.56,56.31,16.88
2024-05-01T13:55:00,A,2,22.74,55.96,16.25
2024-05-01T13:56:00,A,2,22.93,55.17,15.1
2024-05-01T13:57:00,A,2,22.74,54.29,15.73
2024-05-01T13:58:00,A,2,23.25,55.5,15.87
2024-05-01T13:59:00,A,2,23.19,57.4,15.4
2024-05-01T14:00:00,A,2,22.84,55.45,16.38
2024-05-01T14:01:00,A,2,22.54,53.53,15.92
2024-05-01T14:02:00,A,2,23.7,55.82,15.52
2024-05-01T14:03:00,A,2,23.43,57.37,16.13
2024-05-01T14:04:00,A,2,22.94,57.2,15.44
2024-05-01T14:05:00,A,2,23.01,55.0,15.91
2024-05-01T14:06:00,A,2,22.66,57.42,15.61
2024-05-01T14:07:00,A,2,22.84,55.21,16.18
2024-05-01T14:08:00,A,2,23.25,55.41,16.12
2024-05-01T14:09:00,A,2,22.96,53.77,15.17
2024-05-01T14:10:00,A,2,24.09,54.75,15.85
2024-05-01T14:11:00,A,2,22.33,55.02,16.13
2024-05-01T14:12:00,A,2,22.07,55.5,15.34
2024-05-01T14:13:00,A,2,23.15,57.3,15.08
2024-05-01T14:14:00,A,2,22.37,57.82,14.97
2024-05-01T14:15:00,A,2,22.45,56.97,14.0
2024-05-01T14:16:00,A,2,22.59,57.39,14.84
2024-05-01T14:17:00,A,2,22.74,56.25,15.48
2024-05-01T14:18:00,A,2,22.63,56.13,16.16
2024-05-01T14:19:00,A,2,23.53,55.78,15.93
2024-05-01T14:20:00,A,2,22.2,55.22,16.08
2024-05-01T14:21:00,A,2,22.41,55.97,16.75
2024-05-01T14:22:00,A,2,23.27,56.53,16.17
2024-05-01T14:23:00,A,2,22.94,56.97,15.8
2024-05-01T14:24:00,A,2,23.28,55.25,15.57
2024-05-01T14:25:00,A,2,22.7,55.98,15.63
2024-05-01T14:26:00,A,2,22.72,58.38,16.39
2024-05-01T14:27:00,A,2,22.66,55.38,15.9
2024-05-01T14:28:00,A,2,22.9,52.65,14.72
2024-05-01T14:29:00,A,2,23.03,54.9,14.97
2024-05-01T14:30:00,A,2,23.19,55.33,15.6
2024-05-01T14:31:00,A,2,22.68,56.65,15.75
2024-05-01T14:32:00,A,2,22.29,55.94,14.66
2024-05-01T14:33:00,A,2,22.27,59.26,16.72
2024-05-01T14:34:00,A,2,22.94,55.35,15.81
2024-05-01T14:35:00,A,2,22.08,56.48,15.83
2024-05-01T14:36:00,A,2,22.28,56.71,15.97
2024-05-01T14:37:00,A,2,22.76,56.25,16.19
2024-05-01T14:38:00,A,2,22.1,56.97,15.91
2024-05-01T14:39:00,A,2,22.8,56.66,14.16
2024-05-01T14:40:00,A,2,22.29,54.75,14.61
2024-05-01T14:41:00,A,2,22.28,56.08,14.97
2024-05-01T14:42:00,A,2,22.8,55.6,15.39
2024-05-01T14:43:00,A,2,23.54,58.0,14.84
2024-05-01T14:44:00,A,2,22.13,56.89,15.09
2024-05-01T14:45:00,A,2,21.76,55.47,14.1
2024-05-01T14:46:00,A,2,21.89,56.62,15.62
2024-05-01T14:47:00,A,2,22.71,55.8,14.88
2024-05-01T14:48:00,A,2,22.45,55.71,16.07
2024-05-01T14:49:00,A,2,22.5,57.8,15.38
2024-05-01T14:50:00,A,2,22.53,54.68,14.48
2024-05-01T14:51:00,A,2,22.59,55.66,15.49
2024-05-01T14:52:00,A,2,22.81,57.14,14.66
2024-05-01T14:53:00,A,2,22.4,57.16,16.78
2024-05-01T14:54:00,A,2,22.08,57.08,15.51
2024-05-01T14:55:00,A,2,22.53,55.83,15.06
2024-05-01T14:56:00,A,2,22.81,56.7,15.6
2024-05-01T14:57:00,A,2,22.43,57.26,15.99
2024-05-01T14:58:00,A,2,21.91,54.96,16.25
2024-05-01T14:59:00,A,2,22.23,54.64,14.9
2024-05-01T15:00:00,A,2,27.02,56.66,19.19
2024-05-01T15:01:00,A,2,27.51,58.15,20.43
2024-05-01T15:02:00,A,2,27.2,56.11,18.91
2024-05-01T15:03:00,A,2,27.16,56.72,20.74
2024-05-01T15:04:00,A,2,26.87,56.7,20.16
2024-05-01T15:05:00,A,2,27.31,56.56,20.65
2024-05-01T15:06:00,A,2,27.17,58.08,20.11
2024-05-01T15:07:00,A,2,26.86,57.47,20.66
2024-05-01T15:08:00,A,2,26.64,58.91,19.79
2024-05-01T15:09:00,A,2,27.08,55.78,21.01
2024-05-01T15:10:00,A,2,27.36,55.84,20.55
2024-05-01T15:11:00,A,2,27.01,56.98,20.79
2024-05-01T15:12:00,A,2,27.63,55.73,21.61
2024-05-01T15:13:00,A,2,26.61,54.58,20.6
2024-05-01T15:14:00,A,2,26.25,55.7,20.17
2024-05-01T15:15:00,A,2,26.58,57.48,20.54
2024-05-01T15:16:00,A,2,26.49,56.49,20.39
2024-05-01T15:17:00,A,2,26.63,56.47,19.69
2024-05-01T15:18:00,A,2,27.24,56.81,22.0
2024-05-01T15:19:00,A,2,27.14,55.71,20.43
2024-05-01T15:20:00,A,2,26.67,57.15,20.12
2024-05-01T15:21:00,A,2,27.08,58.77,20.5
2024-05-01T15:22:00,A,2,26.91,58.76,19.59
2024-05-01T15:23:00,A,2,25.99,57.45,19.54
2024-05-01T15:24:00,A,2,26.71,57.18,20.86
2024-05-01T15:25:00,A,2,26.37,54.64,20.83
2024-05-01T15:26:00,A,2,26.41,55.45,20.31
2024-05-01T15:27:00,A,2,26.39,56.81,19.81
2024-05-01T15:28:00,A,2,25.94,56.41,20.07
2024-05-01T15:29:00,A,2,26.16,57.66,21.15
2024-05-01T15:30:00,A,2,22.56,58.29,14.46
2024-05-01T15:31:00,A,2,22.28,58.11,15.25
2024-05-01T15:32:00,A,2,21.67,58.43,13.82
2024-05-01T15:33:00,A,2,22.25,57.42,15.09
2024-05-01T15:34:00,A,2,21.86,54.71,14.58
2024-05-01T15:35:00,A,2,21.89,57.42,14.65
2024-05-01T15:36:00,A,2,21.72,56.38,14.78
2024-05-01T15:37:00,A,2,22.33,56.08,14.68
2024-05-01T15:38:00,A,2,22.18,58.74,15.33
2024-05-01T15:39:00,A,2,21.39,57.02,15.06
2024-05-01T15:40:00,A,2,22.03,57.47,13.09
2024-05-01T15:41:00,A,2,22.36,56.79,14.47
2024-05-01T15:42:00,A,2,22.04,56.68,14.82
2024-05-01T15:43:00,A,2,22.11,58.03,15.62
2024-05-01T15:44:00,A,2,22.14,58.95,14.96
2024-05-01T15:45:00,A,2,21.87,57.64,14.26
2024-05-01T15:46:00,A,2,22.43,55.93,15.9
2024-05-01T15:47:00,A,2,22.43,58.44,14.41
2024-05-01T15:48:00,A,2,22.06,57.05,13.95
2024-05-01T15:49:00,A,2,22.03,56.01,14.52
2024-05-01T15:50:00,A,2,22.44,54.83,13.91
2024-05-01T15:51:00,A,2,22.23,58.78,14.86
2024-05-01T15:52:00,A,2,21.94,58.48,16.08
2024-05-01T15:53:00,A,2,22.19,55.85,13.91
2024-05-01T15:54:00,A,2,22.12,59.93,14.07
2024-05-01T15:55:00,A,2,20.9,57.63,14.91
2024-05-01T15:56:00,A,2,22.44,56.4,13.13
2024-05-01T15:57:00,A,2,21.32,57.67,15.3
2024-05-01T15:58:00,A,2,22.09,57.04,14.21
2024-05-01T15:59:00,A,2,20.73,58.42,14.79
2024-05-01T16:00:00,A,2,21.99,57.6,14.3
2024-05-01T16:01:00,A,2,22.17,58.18,15.24
2024-05-01T16:02:00,A,2,21.47,57.85,14.77
2024-05-01T16:03:00,A,2,21.87,57.68,14.36
2024-05-01T16:04:00,A,2,22.47,59.12,13.92
2024-05-01T16:05:00,A,2,21.59,57.94,13.67
2024-05-01T16:06:00,A,2,21.49,55.34,13.69
2024-05-01T16:07:00,A,2,21.46,58.55,13.73
2024-05-01T16:08:00,A,2,22.12,55.4,15.65
2024-05-01T16:09:00,A,2,21.61,59.79,13.62
2024-05-01T16:10:00,A,2,21.74,59.42,14.09
2024-05-01T16:11:00,A,2,22.23,60.72,14.12
2024-05-01T16:12:00,A,2,21.8,58.34,15.48
2024-05-01T16:13:00,A,2,22.32,55.74,14.98
2024-05-01T16:14:00,A,2,21.7,57.04,15.47
2024-05-01T16:15:00,A,2,21.0,55.98,13.44
2024-05-01T16:16:00,A,2,22.25,57.65,15.23
2024-05-01T16:17:00,A,2,22.13,59.22,14.11
2024-05-01T16:18:00,A,2,22.29,59.42,14.14
2024-05-01T16:19:00,A,2,22.16,58.68,14.1
2024-05-01T16:20:00,A,2,22.18,56.64,15.25
2024-05-01T16:21:00,A,2,21.21,57.83,14.92
2024-05-01T16:22:00,A,2,22.43,57.12,14.76
2024-05-01T16:23:00,A,2,22.09,57.09,13.94
2024-05-01T16:24:00,A,2,22.13,57.47,14.88
2024-05-01T16:25:00,A,2,20.96,56.35,15.92
2024-05-01T16:26:00,A,2,20.86,57.96,14.1
2024-05-01T16:27:00,A,2,21.06,58.39,14.28
2024-05-01T16:28:00,A,2,21.61,55.06,13.09
2024-05-01T16:29:00,A,2,21.75,57.94,13.26
2024-05-01T16:30:00,A,2,21.77,59.47,14.7
2024-05-01T16:31:00,A,2,21.58,59.52,13.13
2024-05-01T16:32:00,A,2,21.94,56.42,15.04
2024-05-01T16:33:00,A,2,22.13,57.57,14.39
2024-05-01T16:34:00,A,2,21.66,57.45,14.51
2024-05-01T16:35:00,A,2,21.5,58.74,14.63
2024-05-01T16:36:00,A,2,21.59,58.49,14.68
2024-05-01T16:37:00,A,2,21.67,59.19,14.62
2024-05-01T16:38:00,A,2,21.73,59.75,13.47
2024-05-01T16:39:00,A,2,21.11,58.8,14.69
2024-05-01T16:40:00,A,2,21.47,59.16,14.98
2024-05-01T16:41:00,A,2,22.3,56.53,14.51
2024-05-01T16:42:00,A,2,21.93,58.59,14.51
2024-05-01T16:43:00,A,2,20.96,58.89,15.78
2024-05-01T16:44:00,A,2,21.31,58.23,15.02
2024-05-01T16:45:00,A,2,21.84,59.46,14.24
2024-05-01T16:46:00,A,2,21.25,58.0,13.88
2024-05-01T16:47:00,A,2,21.43,61.02,14.02
2024-05-01T16:48:00,A,2,21.66,59.34,14.57
2024-05-01T16:49:00,A,2,22.33,57.77,13.62
2024-05-01T16:50:00,A,2,21.32,56.77,15.47
2024-05-01T16:51:00,A,2,21.35,58.66,13.18
2024-05-01T16:52:00,A,2,21.4,57.93,15.06
2024-05-01T16:53:00,A,2,21.66,59.8,15.09
2024-05-01T16:54:00,A,2,21.92,57.0,15.08
2024-05-01T16:55:00,A,2,21.61,58.79,14.3
2024-05-01T16:56:00,A,2,21.6,58.67,14.05
2024-05-01T16:57:00,A,2,21.5,59.76,14.48
2024-05-01T16:58:00,A,2,21.68,59.79,13.27
2024-05-01T16:59:00,A,2,21.43,58.03,14.46
2024-05-01T17:00:00,A,2,21.04,57.36,14.43
2024-05-01T17:01:00,A,2,20.78,58.55,14.07
2024-05-01T17:02:00,A,2,22.21,59.72,15.1
2024-05-01T17:03:00,A,2,21.63,61.5,14.88
2024-05-01T17:04:00,A,2,21.7,57.98,13.6
2024-05-01T17:05:00,A,2,21.61,56.66,14.6
2024-05-01T17:06:00,A,2,21.64,57.02,13.65
2024-05-01T17:07:00,A,2,21.8,57.51,15.27
2024-05-01T17:08:00,A,2,21.49,56.58,13.97
2024-05-01T17:09:00,A,2,22.1,60.97,13.98
2024-05-01T17:10:00,A,2,21.29,57.7,14.64
2024-05-01T17:11:00,A,2,21.34,58.12,13.7
2024-05-01T17:12:00,A,2,21.35,58.15,13.94
2024-05-01T17:13:00,A,2,21.08,59.44,14.49
2024-05-01T17:14:00,A,2,21.85,58.72,14.3
2024-05-01T17:15:00,A,2,21.94,58.76,14.31
2024-05-01T17:16:00,A,2,22.07,58.12,14.14
2024-05-01T17:17:00,A,2,20.68,59.26,13.61
2024-05-01T17:18:00,A,2,21.91,59.06,14.28
2024-05-01T17:19:00,A,2,21.52,59.94,14.2
2024-05-01T17:20:00,A,2,21.03,60.01,14.3
2024-05-01T17:21:00,A,2,21.62,60.7,13.79
2024-05-01T17:22:00,A,2,21.8,60.72,13.68
2024-05-01T17:23:00,A,2,22.2,59.03,14.77
2024-05-01T17:24:00,A,2,21.09,56.89,13.76
2024-05-01T17:25:00,A,2,21.31,59.34,13.68
2024-05-01T17:26:00,A,2,21.23,60.13,14.0
2024-05-01T17:27:00,A,2,21.78,59.13,14.27
2024-05-01T17:28:00,A,2,21.45,57.56,14.57
2024-05-01T17:29:00,A,2,21.02,59.47,14.25
2024-05-01T17:30:00,A,2,21.46,61.06,13.84
2024-05-01T17:31:00,A,2,21.29,58.32,12.88
2024-05-01T17:32:00,A,2,20.95,58.4,14.46
2024-05-01T17:33:00,A,2,21.44,61.74,13.7
2024-05-01T17:34:00,A,2,21.28,59.07,14.61
2024-05-01T17:35:00,A,2,21.78,57.92,13.97
2024-05-01T17:36:00,A,2,21.08,60.12,14.37
2024-05-01T17:37:00,A,2,21.44,59.2,14.1
2024-05-01T17:38:00,A,2,20.88,61.01,14.77
2024-05-01T17:39:00,A,2,22.62,61.22,12.97
2024-05-01T17:40:00,A,2,21.27,60.99,13.53
2024-05-01T17:41:00,A,2,22.04,58.98,14.81
2024-05-01T17:42:00,A,2,21.38,60.9,13.35
2024-05-01T17:43:00,A,2,21.88,59.91,13.67
2024-05-01T17:44:00,A,2,21.94,59.6,13.55
2024-05-01T17:45:00,A,2,21.05,59.2,15.53
2024-05-01T17:46:00,A,2,21.0,59.8,13.5
2024-05-01T17:47:00,A,2,21.56,58.85,14.48
2024-05-01T17:48:00,A,2,21.4,60.15,13.77
2024-05-01T17:49:00,A,2,20.85,59.63,13.39
2024-05-01T17:50:00,A,2,21.48,58.03,13.65
2024-05-01T17:51:00,A,2,21.59,59.77,13.9
2024-05-01T17:52:00,A,2,22.3,59.21,14.11
2024-05-01T17:53:00,A,2,21.81,58.64,14.69
2024-05-01T17:54:00,A,2,21.21,59.53,14.0
2024-05-01T17:55:00,A,2,20.94,60.42,13.87
2024-05-01T17:56:00,A,2,21.39,58.58,13.61
2024-05-01T17:57:00,A,2,21.48,58.31,14.74
2024-05-01T17:58:00,A,2,21.17,59.09,13.43
2024-05-01T17:59:00,A,2,21.31,60.16,14.19
2024-05-01T18:00:00,A,2,22.0,61.57,14.79
2024-05-01T18:01:00,A,2,21.49,61.07,13.97
2024-05-01T18:02:00,A,2,21.62,61.43,14.0
2024-05-01T18:03:00,A,2,21.36,58.92,14.16
2024-05-01T18:04:00,A,2,21.12,61.14,14.52
2024-05-01T18:05:00,A,2,21.77,59.8,14.5
2024-05-01T18:06:00,A,2,21.56,61.05,13.35
2024-05-01T18:07:00,A,2,21.79,62.29,13.52
2024-05-01T18:08:00,A,2,21.69,58.05,13.71
2024-05-01T18:09:00,A,2,22.02,59.15,14.45
2024-05-01T18:10:00,A,2,21.72,60.16,13.84
2024-05-01T18:11:00,A,2,21.75,61.01,13.63
2024-05-01T18:12:00,A,2,21.01,58.38,14.92
2024-05-01T18:13:00,A,2,21.07,59.51,13.8
2024-05-01T18:14:00,A,2,21.68,58.17,13.74
2024-05-01T18:15:00,A,2,22.28,60.99,13.93
2024-05-01T18:16:00,A,2,20.89,61.87,15.06
2024-05-01T18:17:00,A,2,21.46,61.04,13.91
2024-05-01T18:18:00,A,2,20.75,59.36,14.96
2024-05-01T18:19:00,A,2,22.32,61.78,13.67
2024-05-01T18:20:00,A,2,20.9,60.46,14.57
2024-05-01T18:21:00,A,2,21.15,59.04,13.76
2024-05-01T18:22:00,A,2,22.08,60.22,13.67
2024-05-01T18:23:00,A,2,21.91,60.32,15.58
2024-05-01T18:24:00,A,2,21.7,61.3,13.23
2024-05-01T18:25:00,A,2,21.13,59.73,14.7
2024-05-01T18:26:00,A,2,22.2,60.66,15.13
2024-05-01T18:27:00,A,2,21.79,61.19,14.28
2024-05-01T18:28:00,A,2,22.03,61.97,14.04
2024-05-01T18:29:00,A,2,21.89,61.01,14.24
2024-05-01T18:30:00,A,2,21.82,59.29,13.65
2024-05-01T18:31:00,A,2,21.03,60.5,12.87
2024-05-01T18:32:00,A,2,21.3,59.57,13.88
2024-05-01T18:33:00,A,2,21.32,62.06,15.49
2024-05-01T18:34:00,A,2,21.5,61.38,13.97
2024-05-01T18:35:00,A,2,20.95,61.48,14.39
2024-05-01T18:36:00,A,2,21.26,62.44,13.85
2024-05-01T18:37:00,A,2,21.34,60.92,15.75
2024-05-01T18:38:00,A,2,21.83,61.78,13.88
2024-05-01T18:39:00,A,2,22.18,58.46,14.32
2024-05-01T18:40:00,A,2,21.29,61.21,14.63
2024-05-01T18:41:00,A,2,21.17,59.13,13.16
2024-05-01T18:42:00,A,2,22.06,59.46,14.37
2024-05-01T18:43:00,A,2,22.11,60.27,15.2
2024-05-01T18:44:00,A,2,21.64,59.27,13.61
2024-05-01T18:45:00,A,2,21.63,61.76,14.46
2024-05-01T18:46:00,A,2,21.26,61.55,13.75
2024-05-01T18:47:00,A,2,22.0,61.93,14.03
2024-05-01T18:48:00,A,2,21.02,60.17,14.52
2024-05-01T18:49:00,A,2,21.49,61.5,13.18
2024-05-01T18:50:00,A,2,21.16,60.84,14.01
2024-05-01T18:51:00,A,2,22.25,61.45,13.77
2024-05-01T18:52:00,A,2,22.25,59.6,14.24
2024-05-01T18:53:00,A,2,21.05,62.38,15.6
2024-05-01T18:54:00,A,2,21.64,60.5,13.4
2024-05-01T18:55:00,A,2,22.42,59.36,14.67
2024-05-01T18:56:00,A,2,21.44,62.07,14.47
2024-05-01T18:57:00,A,2,21.66,63.32,14.75
2024-05-01T18:58:00,A,2,21.99,59.89,14.87
2024-05-01T18:59:00,A,2,21.55,60.83,14.25
2024-05-01T19:00:00,A,2,21.42,60.67,13.89
2024-05-01T19:01:00,A,2,21.44,63.67,14.71
2024-05-01T19:02:00,A,2,21.6,62.67,14.87
2024-05-01T19:03:00,A,2,21.95,62.74,14.47
2024-05-01T19:04:00,A,2,20.86,62.16,14.25
2024-05-01T19:05:00,A,2,21.61,62.55,14.43
2024-05-01T19:06:00,A,2,21.42,62.05,13.68
2024-05-01T19:07:00,A,2,20.73,63.38,14.33
2024-05-01T19:08:00,A,2,22.03,63.09,14.45
2024-05-01T19:09:00,A,2,20.97,62.28,14.6
2024-05-01T19:10:00,A,2,21.84,62.41,15.41
2024-05-01T19:11:00,A,2,21.43,62.09,14.4
2024-05-01T19:12:00,A,2,22.88,59.85,13.53
2024-05-01T19:13:00,A,2,20.97,59.33,14.44
2024-05-01T19:14:00,A,2,21.93,61.65,13.82
2024-05-01T19:15:00,A,2,21.75,61.59,14.55
2024-05-01T19:16:00,A,2,22.41,61.99,12.36
2024-05-01T19:17:00,A,2,22.08,60.95,14.34
2024-05-01T19:18:00,A,2,21.14,62.14,13.81
2024-05-01T19:19:00,A,2,21.12,58.85,14.48
2024-05-01T19:20:00,A,2,21.61,64.34,15.14
2024-05-01T19:21:00,A,2,22.7,63.97,14.52
2024-05-01T19:22:00,A,2,21.39,61.95,14.23
2024-05-01T19:23:00,A,2,20.46,61.82,15.03
2024-05-01T19:24:00,A,2,22.0,62.44,14.88
2024-05-01T19:25:00,A,2,21.21,62.68,15.1
2024-05-01T19:26:00,A,2,22.09,62.76,14.05
2024-05-01T19:27:00,A,2,21.89,61.32,14.87
2024-05-01T19:28:00,A,2,21.52,62.11,14.13
2024-05-01T19:29:00,A,2,21.92,64.27,14.15
2024-05-01T19:30:00,A,2,21.62,59.51,14.77
2024-05-01T19:31:00,A,2,21.84,64.51,13.47
2024-05-01T19:32:00,A,2,21.93,62.05,14.73
2024-05-01T19:33:00,A,2,21.13,61.23,14.69
2024-05-01T19:34:00,A,2,22.23,62.35,13.8
2024-05-01T19:35:00,A,2,22.12,62.75,13.98
2024-05-01T19:36:00,A,2,21.42,63.34,14.87
2024-05-01T19:37:00,A,2,21.69,62.91,14.87
2024-05-01T19:38:00,A,2,21.24,61.19,14.87
2024-05-01T19:39:00,A,2,21.61,63.09,14.66
2024-05-01T19:40:00,A,2,22.02,62.57,15.03
2024-05-01T19:41:00,A,2,21.39,60.99,14.37
2024-05-01T19:42:00,A,2,22.3,60.77,14.57
2024-05-01T19:43:00,A,2,21.31,60.7,15.47
2024-05-01T19:44:00,A,2,21.72,61.63,15.57
2024-05-01T19:45:00,A,2,21.38,62.28,14.82
2024-05-01T19:46:00,A,2,21.51,64.81,13.4
2024-05-01T19:47:00,A,2,22.57,62.17,14.0
2024-05-01T19:48:00,A,2,21.39,63.92,13.56
2024-05-01T19:49:00,A,2,21.3,62.08,13.6
2024-05-01T19:50:00,A,2,21.46,60.84,15.13
2024-05-01T19:51:00,A,2,22.02,61.46,15.58
2024-05-01T19:52:00,A,2,21.61,62.9,14.53
2024-05-01T19:53:00,A,2,21.81,61.29,14.13
2024-05-01T19:54:00,A,2,22.04,61.98,14.75
2024-05-01T19:55:00,A,2,21.91,62.1,14.87
2024-05-01T19:56:00,A,2,22.36,61.31,14.3
2024-05-01T19:57:00,A,2,21.85,60.87,14.35
2024-05-01T19:58:00,A,2,21.87,62.75,15.27
2024-05-01T19:59:00,A,2,22.36,63.24,15.52
2024-05-01T20:00:00,A,2,21.96,59.59,14.45
2024-05-01T20:01:00,A,2,21.39,63.83,15.19
2024-05-01T20:02:00,A,2,21.98,62.47,14.35
2024-05-01T20:03:00,A,2,21.58,63.63,15.26
2024-05-01T20:04:00,A,2,22.34,62.89,14.75
2024-05-01T20:05:00,A,2,21.87,63.13,15.58
2024-05-01T20:06:00,A,2,22.29,61.27,14.56
2024-05-01T20:07:00,A,2,21.97,62.36,14.49
2024-05-01T20:08:00,A,2,21.82,63.06,13.62
2024-05-01T20:09:00,A,2,21.41,62.71,15.18
2024-05-01T20:10:00,A,2,21.72,61.84,13.63
2024-05-01T20:11:00,A,2,21.97,62.92,13.92
2024-05-01T20:12:00,A,2,21.88,64.08,13.97
2024-05-01T20:13:00,A,2,21.48,61.82,13.63
2024-05-01T20:14:00,A,2,21.07,62.87,15.65
2024-05-01T20:15:00,A,2,22.34,63.85,14.41
2024-05-01T20:16:00,A,2,22.17,63.63,13.44
2024-05-01T20:17:00,A,2,22.18,64.1,13.84
2024-05-01T20:18:00,A,2,21.4,62.52,14.34
2024-05-01T20:19:00,A,2,22.8,62.2,13.68
2024-05-01T20:20:00,A,2,21.97,62.26,14.64
2024-05-01T20:21:00,A,2,22.43,63.83,15.38
2024-05-01T20:22:00,A,2,21.92,62.78,14.36
2024-05-01T20:23:00,A,2,21.99,61.69,15.37
2024-05-01T20:24:00,A,2,21.78,63.27,15.12
2024-05-01T20:25:00,A,2,22.88,60.92,14.51
2024-05-01T20:26:00,A,2,21.81,62.68,13.96
2024-05-01T20:27:00,A,2,21.65,60.18,14.82
2024-05-01T20:28:00,A,2,22.26,63.19,13.9
2024-05-01T20:29:00,A,2,21.65,62.07,14.54
2024-05-01T20:30:00,A,2,21.82,62.23,14.41
2024-05-01T20:31:00,A,2,22.21,61.58,15.22
2024-05-01T20:32:00,A,2,22.35,62.59,13.77
2024-05-01T20:33:00,A,2,21.23,61.45,15.73
2024-05-01T20:34:00,A,2,22.21,64.44,14.51
2024-05-01T20:35:00,A,2,22.19,61.52,15.0
2024-05-01T20:36:00,A,2,22.23,65.95,14.57
2024-05-01T20:37:00,A,2,22.07,62.24,14.29
2024-05-01T20:38:00,A,2,21.89,63.55,15.23
2024-05-01T20:39:00,A,2,21.81,63.7,15.26
2024-05-01T20:40:00,A,2,22.45,61.06,14.02
2024-05-01T20:41:00,A,2,21.95,63.5,15.61
2024-05-01T20:42:00,A,2,22.41,63.72,14.42
2024-05-01T20:43:00,A,2,22.19,63.74,14.24
2024-05-01T20:44:00,A,2,22.55,63.28,14.69
2024-05-01T20:45:00,A,2,22.9,63.07,14.17
2024-05-01T20:46:00,A,2,22.79,63.58,15.63
2024-05-01T20:47:00,A,2,22.54,63.75,15.66
2024-05-01T20:48:00,A,2,21.9,62.44,14.49
2024-05-01T20:49:00,A,2,21.93,62.46,15.67
2024-05-01T20:50:00,A,2,22.64,63.91,14.9
2024-05-01T20:51:00,A,2,23.34,64.92,14.76
2024-05-01T20:52:00,A,2,21.8,61.23,15.29
2024-05-01T20:53:00,A,2,22.69,63.3,14.99
2024-05-01T20:54:00,A,2,22.33,64.37,15.63
2024-05-01T20:55:00,A,2,22.1,64.67,15.39
2024-05-01T20:56:00,A,2,22.5,61.66,14.64
2024-05-01T20:57:00,A,2,22.18,62.33,15.04
2024-05-01T20:58:00,A,2,22.49,62.63,15.68
2024-05-01T20:59:00,A,2,22.46,61.23,15.77
2024-05-01T21:00:00,A,2,22.06,63.85,14.81
2024-05-01T21:01:00,A,2,22.24,60.84,15.22
2024-05-01T21:02:00,A,2,22.38,63.26,14.89
2024-05-01T21:03:00,A,2,22.71,63.3,14.98
2024-05-01T21:04:00,A,2,22.92,63.67,15.08
2024-05-01T21:05:00,A,2,22.65,64.2,15.25
2024-05-01T21:06:00,A,2,22.19,60.48,16.43
2024-05-01T21:07:00,A,2,22.73,61.58,14.68
2024-05-01T21:08:00,A,2,23.1,62.63,15.08
2024-05-01T21:09:00,A,2,21.75,61.86,14.69
2024-05-01T21:10:00,A,2,22.38,63.69,14.93
2024-05-01T21:11:00,A,2,22.76,63.62,14.82
2024-05-01T21:12:00,A,2,22.6,63.16,16.66
2024-05-01T21:13:00,A,2,22.08,66.79,14.37
2024-05-01T21:14:00,A,2,22.86,64.19,15.06
2024-05-01T21:15:00,A,2,22.73,62.68,15.58
2024-05-01T21:16:00,A,2,22.15,62.58,16.03
2024-05-01T21:17:00,A,2,22.22,65.31,15.97
2024-05-01T21:18:00,A,2,22.38,64.23,14.44
2024-05-01T21:19:00,A,2,22.12,63.07,15.66
2024-05-01T21:20:00,A,2,23.49,64.92,15.03
2024-05-01T21:21:00,A,2,22.72,63.33,15.7
2024-05-01T21:22:00,A,2,22.66,62.03,15.66
2024-05-01T21:23:00,A,2,22.51,63.32,15.31
2024-05-01T21:24:00,A,2,22.64,62.99,15.2
2024-05-01T21:25:00,A,2,22.33,63.96,14.49
2024-05-01T21:26:00,A,2,22.68,63.65,15.21
2024-05-01T21:27:00,A,2,22.36,63.39,14.9
2024-05-01T21:28:00,A,2,21.95,61.92,15.52
2024-05-01T21:29:00,A,2,22.71,68.6,14.81
2024-05-01T21:30:00,A,2,22.28,65.22,15.32
2024-05-01T21:31:00,A,2,22.62,64.05,13.77
2024-05-01T21:32:00,A,2,22.56,64.69,15.78
2024-05-01T21:33:00,A,2,22.52,61.71,15.38
2024-05-01T21:34:00,A,2,23.76,62.91,16.5
2024-05-01T21:35:00,A,2,22.91,63.52,16.45
2024-05-01T21:36:00,A,2,23.06,64.78,16.2
2024-05-01T21:37:00,A,2,23.09,62.71,15.03
2024-05-01T21:38:00,A,2,22.78,65.59,15.43
2024-05-01T21:39:00,A,2,22.87,65.61,15.57
2024-05-01T21:40:00,A,2,23.71,64.72,15.94
2024-05-01T21:41:00,A,2,22.45,62.15,15.37
2024-05-01T21:42:00,A,2,22.28,64.21,15.24
2024-05-01T21:43:00,A,2,23.44,63.39,14.74
2024-05-01T21:44:00,A,2,22.92,62.34,15.72
2024-05-01T21:45:00,A,2,22.24,63.22,16.09
2024-05-01T21:46:00,A,2,22.78,65.45,15.58
2024-05-01T21:47:00,A,2,23.07,63.44,15.63
2024-05-01T21:48:00,A,2,22.6,65.85,16.65
2024-05-01T21:49:00,A,2,23.19,64.2,16.23
2024-05-01T21:50:00,A,2,23.54,65.87,14.51
2024-05-01T21:51:00,A,2,22.88,63.4,14.78
2024-05-01T21:52:00,A,2,23.6,64.28,15.64
2024-05-01T21:53:00,A,2,22.44,63.79,16.11
2024-05-01T21:54:00,A,2,23.09,64.28,16.45
2024-05-01T21:55:00,A,2,23.18,64.98,16.5
2024-05-01T21:56:00,A,2,22.51,62.74,16.1
2024-05-01T21:57:00,A,2,23.59,63.85,16.15
2024-05-01T21:58:00,A,2,23.17,63.45,15.62
2024-05-01T21:59:00,A,2,23.14,66.23,15.91
2024-05-01T22:00:00,A,2,22.77,64.48,16.28
2024-05-01T22:01:00,A,2,22.52,64.32,16.55
2024-05-01T22:02:00,A,2,23.16,66.04,15.58
2024-05-01T22:03:00,A,2,22.75,64.75,16.22
2024-05-01T22:04:00,A,2,22.65,65.15,16.32
2024-05-01T22:05:00,A,2,22.87,61.95,16.41
2024-05-01T22:06:00,A,2,23.41,63.25,15.93
2024-05-01T22:07:00,A,2,22.84,62.7,15.25
2024-05-01T22:08:00,A,2,23.41,64.69,16.88
2024-05-01T22:09:00,A,2,22.98,64.3,15.73
2024-05-01T22:10:00,A,2,23.34,62.92,16.58
2024-05-01T22:11:00,A,2,23.75,64.18,16.2
2024-05-01T22:12:00,A,2,23.14,63.26,15.77
2024-05-01T22:13:00,A,2,23.72,62.18,15.8
2024-05-01T22:14:00,A,2,22.45,65.37,16.04
2024-05-01T22:15:00,A,2,23.74,62.57,16.77
2024-05-01T22:16:00,A,2,23.15,63.84,16.57
2024-05-01T22:17:00,A,2,23.76,64.61,16.69
2024-05-01T22:18:00,A,2,23.39,63.72,16.59
2024-05-01T22:19:00,A,2,22.53,64.2,16.29
2024-05-01T22:20:00,A,2,23.52,64.42,17.16
2024-05-01T22:21:00,A,2,22.86,66.9,16.83
2024-05-01T22:22:00,A,2,23.01,66.0,16.88
2024-05-01T22:23:00,A,2,22.64,64.34,15.72
2024-05-01T22:24:00,A,2,23.64,64.04,15.97
2024-05-01T22:25:00,A,2,23.46,64.47,17.46
2024-05-01T22:26:00,A,2,22.54,66.59,16.35
2024-05-01T22:27:00,A,2,23.39,65.48,16.85
2024-05-01T22:28:00,A,2,23.33,66.3,15.88
2024-05-01T22:29:00,A,2,22.85,64.62,17.2
2024-05-01T22:30:00,A,2,24.05,65.15,16.28
2024-05-01T22:31:00,A,2,23.92,67.17,15.86
2024-05-01T22:32:00,A,2,23.4,67.56,16.53
2024-05-01T22:33:00,A,2,23.1,64.86,16.32
2024-05-01T22:34:00,A,2,23.22,63.28,15.9
2024-05-01T22:35:00,A,2,23.54,64.75,17.15
2024-05-01T22:36:00,A,2,23.82,67.23,16.87
2024-05-01T22:37:00,A,2,22.84,66.01,16.11
2024-05-01T22:38:00,A,2,23.5,66.18,16.76
2024-05-01T22:39:00,A,2,23.34,64.31,15.71
2024-05-01T22:40:00,A,2,23.58,63.66,17.06
2024-05-01T22:41:00,A,2,23.81,64.75,16.27
2024-05-01T22:42:00,A,2,24.06,66.16,17.08
2024-05-01T22:43:00,A,2,23.0,62.1,17.05
2024-05-01T22:44:00,A,2,23.58,66.28,16.25
2024-05-01T22:45:00,A,2,24.21,62.16,17.45
2024-05-01T22:46:00,A,2,23.28,65.81,16.12
2024-05-01T22:47:00,A,2,23.46,64.4,16.11
2024-05-01T22:48:00,A,2,23.34,65.34,17.04
2024-05-01T22:49:00,A,2,22.95,64.35,16.27
2024-05-01T22:50:00,A,2,23.67,64.04,16.69
2024-05-01T22:51:00,A,2,23.95,64.47,17.28
2024-05-01T22:52:00,A,2,23.89,64.86,16.86
2024-05-01T22:53:00,A,2,23.28,65.78,17.21
2024-05-01T22:54:00,A,2,24.1,64.05,16.94
2024-05-01T22:55:00,A,2,23.43,63.1,17.62
2024-05-01T22:56:00,A,2,24.31,65.43,17.64
2024-05-01T22:57:00,A,2,23.67,64.5,16.36
2024-05-01T22:58:00,A,2,23.58,63.57,16.33
2024-05-01T22:59:00,A,2,23.65,66.33,16.79
2024-05-01T23:00:00,A,2,23.19,65.16,16.86
2024-05-01T23:01:00,A,2,24.31,64.33,16.22
2024-05-01T23:02:00,A,2,23.5,64.62,17.2
2024-05-01T23:03:00,A,2,24.49,66.34,17.17
2024-05-01T23:04:00,A,2,23.68,64.41,17.33
2024-05-01T23:05:00,A,2,23.9,65.22,18.15
2024-05-01T23:06:00,A,2,23.36,63.19,16.39
2024-05-01T23:07:00,A,2,23.4,64.08,16.95
2024-05-01T23:08:00,A,2,23.62,66.44,17.12
2024-05-01T23:09:00,A,2,23.84,65.39,17.64
2024-05-01T23:10:00,A,2,24.51,64.2,17.21
2024-05-01T23:11:00,A,2,24.41,64.24,17.68
2024-05-01T23:12:00,A,2,24.31,65.33,16.64
2024-05-01T23:13:00,A,2,23.93,65.27,19.04
2024-05-01T23:14:00,A,2,23.93,66.18,17.77
2024-05-01T23:15:00,A,2,23.49,63.23,18.51
2024-05-01T23:16:00,A,2,24.6,64.56,15.9
2024-05-01T23:17:00,A,2,24.61,64.37,17.7
2024-05-01T23:18:00,A,2,23.99,65.79,17.51
2024-05-01T23:19:00,A,2,24.21,67.31,17.68
2024-05-01T23:20:00,A,2,24.16,63.93,16.54
2024-05-01T23:21:00,A,2,24.37,64.31,16.33
2024-05-01T23:22:00,A,2,23.82,63.68,17.16
2024-05-01T23:23:00,A,2,24.34,64.69,18.37
2024-05-01T23:24:00,A,2,24.62,63.6,17.64
2024-05-01T23:25:00,A,2,24.48,65.19,18.15
2024-05-01T23:26:00,A,2,24.09,65.77,16.61
2024-05-01T23:27:00,A,2,23.79,65.29,16.44
2024-05-01T23:28:00,A,2,24.22,66.66,17.12
2024-05-01T23:29:00,A,2,24.2,65.73,17.37
2024-05-01T23:30:00,A,2,24.4,65.63,18.19
2024-05-01T23:31:00,A,2,24.1,63.72,16.95
2024-05-01T23:32:00,A,2,24.49,63.74,18.52
2024-05-01T23:33:00,A,2,23.82,64.88,16.6
2024-05-01T23:34:00,A,2,24.49,66.39,17.44
2024-05-01T23:35:00,A,2,23.63,66.14,17.73
2024-05-01T23:36:00,A,2,24.11,66.17,17.19
2024-05-01T23:37:00,A,2,24.04,65.53,18.09
2024-05-01T23:38:00,A,2,24.69,66.83,17.99
2024-05-01T23:39:00,A,2,25.55,63.52,17.68
2024-05-01T23:40:00,A,2,24.36,66.95,17.89
2024-05-01T23:41:00,A,2,24.78,64.9,18.0
2024-05-01T23:42:00,A,2,23.77,63.67,17.94
2024-05-01T23:43:00,A,2,24.11,67.18,17.7
2024-05-01T23:44:00,A,2,24.31,63.33,17.55
2024-05-01T23:45:00,A,2,23.69,67.63,18.19
2024-05-01T23:46:00,A,2,24.29,65.12,17.65
2024-05-01T23:47:00,A,2,24.0,65.34,17.16
2024-05-01T23:48:00,A,2,24.23,65.06,18.41
2024-05-01T23:49:00,A,2,24.98,65.76,17.22
2024-05-01T23:50:00,A,2,24.39,65.99,16.73
2024-05-01T23:51:00,A,2,24.53,66.26,17.65
2024-05-01T23:52:00,A,2,24.37,65.3,18.33
2024-05-01T23:53:00,A,2,24.22,64.98,18.68
2024-05-01T23:54:00,A,2,24.8,65.46,18.14
2024-05-01T23:55:00,A,2,24.63,65.45,17.65
2024-05-01T23:56:00,A,2,24.47,63.47,18.42
2024-05-01T23:57:00,A,2,24.04,68.01,18.12
2024-05-01T23:58:00,A,2,24.25,65.14,17.71
2024-05-01T23:59:00,A,2,24.61,66.53,17.45
2024-05-02T00:00:00,A,2,24.88,67.39,18.64
2024-05-02T00:01:00,A,2,24.02,66.35,18.25
2024-05-02T00:02:00,A,2,25.14,63.25,17.99
2024-05-02T00:03:00,A,2,25.14,65.48,17.43
2024-05-02T00:04:00,A,2,24.3,66.93,17.77
2024-05-02T00:05:00,A,2,24.66,63.24,18.47
2024-05-02T00:06:00,A,2,24.14,64.93,15.87
2024-05-02T00:07:00,A,2,24.99,64.12,17.71
2024-05-02T00:08:00,A,2,24.34,64.45,18.28
2024-05-02T00:09:00,A,2,25.14,65.11,17.56
2024-05-02T00:10:00,A,2,24.04,64.77,19.15
2024-05-02T00:11:00,A,2,24.7,65.69,19.47
2024-05-02T00:12:00,A,2,24.77,64.87,19.02
2024-05-02T00:13:00,A,2,24.49,64.14,18.47
2024-05-02T00:14:00,A,2,24.73,65.8,17.53
2024-05-02T00:15:00,A,2,24.76,64.85,18.25
2024-05-02T00:16:00,A,2,24.54,65.1,18.93
2024-05-02T00:17:00,A,2,24.23,65.7,18.73
2024-05-02T00:18:00,A,2,24.93,66.26,18.11
2024-05-02T00:19:00,A,2,24.5,65.12,18.97
2024-05-02T00:20:00,A,2,24.75,64.19,18.17
2024-05-02T00:21:00,A,2,25.0,63.62,18.12
2024-05-02T00:22:00,A,2,25.13,66.31,18.72
2024-05-02T00:23:00,A,2,24.99,64.38,18.77
2024-05-02T00:24:00,A,2,24.99,65.23,19.29
2024-05-02T00:25:00,A,2,25.67,63.52,18.38
2024-05-02T00:26:00,A,2,24.68,66.94,18.47
2024-05-02T00:27:00,A,2,24.78,66.41,18.4
2024-05-02T00:28:00,A,2,24.95,63.46,18.99
2024-05-02T00:29:00,A,2,23.62,62.55,19.13
2024-05-02T00:30:00,A,2,23.92,66.4,18.97
2024-05-02T00:31:00,A,2,24.93,63.63,19.02
2024-05-02T00:32:00,A,2,25.53,64.06,18.97
2024-05-02T00:33:00,A,2,24.65,65.43,18.38
2024-05-02T00:34:00,A,2,24.24,64.69,17.57
2024-05-02T00:35:00,A,2,24.39,63.52,18.47
2024-05-02T00:36:00,A,2,24.83,64.01,19.51
2024-05-02T00:37:00,A,2,25.46,63.25,19.05
2024-05-02T00:38:00,A,2,25.25,64.87,17.75
2024-05-02T00:39:00,A,2,24.8,64.56,18.69
2024-05-02T00:40:00,A,2,24.26,65.79,19.55
2024-05-02T00:41:00,A,2,24.65,65.81,18.73
2024-05-02T00:42:00,A,2,24.57,63.41,18.3
2024-05-02T00:43:00,A,2,24.49,65.1,18.23
2024-05-02T00:44:00,A,2,25.07,64.87,19.01
2024-05-02T00:45:00,A,2,25.1,64.36,18.23
2024-05-02T00:46:00,A,2,24.26,64.56,19.08
2024-05-02T00:47:00,A,2,24.73,63.53,19.1
2024-05-02T00:48:00,A,2,25.17,66.98,18.79
2024-05-02T00:49:00,A,2,25.28,64.96,17.68
2024-05-02T00:50:00,A,2,25.19,65.01,19.09
2024-05-02T00:51:00,A,2,25.11,65.59,19.31
2024-05-02T00:52:00,A,2,25.28,63.34,18.42
2024-05-02T00:53:00,A,2,25.79,64.93,20.18
2024-05-02T00:54:00,A,2,24.87,65.72,19.27
2024-05-02T00:55:00,A,2,25.05,64.14,18.42
2024-05-02T00:56:00,A,2,25.46,66.0,18.76
2024-05-02T00:57:00,A,2,25.29,63.55,18.59
2024-05-02T00:58:00,A,2,25.17,66.86,19.32
2024-05-02T00:59:00,A,2,25.74,62.92,19.49
2024-05-02T01:00:00,A,2,25.14,65.2,18.93
2024-05-02T01:01:00,A,2,24.84,63.95,18.74
2024-05-02T01:02:00,A,2,26.11,63.83,18.89
2024-05-02T01:03:00,A,2,25.05,63.86,19.42
2024-05-02T01:04:00,A,2,25.54,62.94,19.35
2024-05-02T01:05:00,A,2,25.04,63.26,19.25
2024-05-02T01:06:00,A,2,25.7,64.95,18.9
2024-05-02T01:07:00,A,2,25.83,63.42,19.44
2024-05-02T01:08:00,A,2,25.68,65.34,19.35
2024-05-02T01:09:00,A,2,25.82,67.26,18.91
2024-05-02T01:10:00,A,2,25.92,64.6,19.08
2024-05-02T01:11:00,A,2,25.5,64.54,19.01
2024-05-02T01:12:00,A,2,25.3,65.52,19.37
2024-05-02T01:13:00,A,2,26.05,63.94,18.31
2024-05-02T01:14:00,A,2,25.41,64.35,19.16
2024-05-02T01:15:00,A,2,26.09,65.39,20.03
2024-05-02T01:16:00,A,2,25.65,67.44,19.78
2024-05-02T01:17:00,A,2,25.75,64.77,19.7
2024-05-02T01:18:00,A,2,24.99,63.6,20.22
2024-05-02T01:19:00,A,2,25.21,65.95,18.9
2024-05-02T01:20:00,A,2,25.29,63.08,18.85
2024-05-02T01:21:00,A,2,25.18,64.86,20.5
2024-05-02T01:22:00,A,2,25.47,63.66,18.8
2024-05-02T01:23:00,A,2,25.42,64.79,19.32
2024-05-02T01:24:00,A,2,26.27,63.49,19.68
2024-05-02T01:25:00,A,2,25.58,64.44,19.28
2024-05-02T01:26:00,A,2,25.51,65.17,19.38
2024-05-02T01:27:00,A,2,25.41,64.76,20.35
2024-05-02T01:28:00,A,2,25.72,64.86,20.0
2024-05-02T01:29:00,A,2,26.36,63.39,17.73
2024-05-02T01:30:00,A,2,25.5,64.94,19.7
2024-05-02T01:31:00,A,2,25.8,64.0,20.75
2024-05-02T01:32:00,A,2,26.28,61.25,20.48
2024-05-02T01:33:00,A,2,25.36,66.57,18.71
2024-05-02T01:34:00,A,2,26.47,64.67,19.11
2024-05-02T01:35:00,A,2,25.26,62.84,20.17
2024-05-02T01:36:00,A,2,25.7,63.62,18.84
2024-05-02T01:37:00,A,2,25.51,66.83,19.45
2024-05-02T01:38:00,A,2,25.83,63.68,20.49
2024-05-02T01:39:00,A,2,24.85,65.38,18.9
2024-05-02T01:40:00,A,2,25.43,65.21,19.29
2024-05-02T01:41:00,A,2,25.71,64.29,19.69
2024-05-02T01:42:00,A,2,25.65,67.14,19.05
2024-05-02T01:43:00,A,2,25.65,62.79,18.81
2024-05-02T01:44:00,A,2,25.8,65.24,19.83
2024-05-02T01:45:00,A,2,26.04,63.15,19.87
2024-05-02T01:46:00,A,2,25.69,63.55,20.68
2024-05-02T01:47:00,A,2,25.55,65.7,18.59
2024-05-02T01:48:00,A,2,26.13,62.37,19.47
2024-05-02T01:49:00,A,2,26.22,64.8,19.81
2024-05-02T01:50:00,A,2,25.91,65.76,19.38
2024-05-02T01:51:00,A,2,25.4,65.38,21.01
2024-05-02T01:52:00,A,2,26.42,65.8,19.63
2024-05-02T01:53:00,A,2,25.88,66.51,20.66
2024-05-02T01:54:00,A,2,25.65,65.99,20.4
2024-05-02T01:55:00,A,2,25.63,66.18,20.96
2024-05-02T01:56:00,A,2,25.99,63.92,19.46
2024-05-02T01:57:00,A,2,25.88,63.64,21.0
2024-05-02T01:58:00,A,2,25.79,63.47,20.58
2024-05-02T01:59:00,A,2,25.73,64.45,19.43
2024-05-02T02:00:00,A,2,26.22,63.44,19.77
2024-05-02T02:01:00,A,2,26.51,64.36,19.13
2024-05-02T02:02:00,A,2,25.79,65.79,19.86
2024-05-02T02:03:00,A,2,25.5,66.39,20.34
2024-05-02T02:04:00,A,2,25.45,63.36,20.82
2024-05-02T02:05:00,A,2,25.66,64.6,19.54
2024-05-02T02:06:00,A,2,25.9,64.89,20.19
2024-05-02T02:07:00,A,2,25.94,65.6,20.11
2024-05-02T02:08:00,A,2,25.99,63.22,20.07
2024-05-02T02:09:00,A,2,25.69,63.33,19.61
2024-05-02T02:10:00,A,2,25.98,64.16,20.26
2024-05-02T02:11:00,A,2,25.62,63.38,20.14
2024-05-02T02:12:00,A,2,25.87,64.12,20.5
2024-05-02T02:13:00,A,2,25.5,62.9,20.12
2024-05-02T02:14:00,A,2,25.65,66.28,20.11
2024-05-02T02:15:00,A,2,25.89,63.39,20.72
2024-05-02T02:16:00,A,2,26.17,64.08,20.77
2024-05-02T02:17:00,A,2,26.62,62.62,20.36
2024-05-02T02:18:00,A,2,26.47,63.01,19.96
2024-05-02T02:19:00,A,2,26.1,64.36,20.41
2024-05-02T02:20:00,A,2,26.12,64.11,20.0
2024-05-02T02:21:00,A,2,26.51,63.12,20.34
2024-05-02T02:22:00,A,2,26.13,65.21,19.18
2024-05-02T02:23:00,A,2,25.95,64.07,21.07
2024-05-02T02:24:00,A,2,26.54,63.13,19.96
2024-05-02T02:25:00,A,2,26.02,62.14,19.68
2024-05-02T02:26:00,A,2,26.21,65.09,20.46
2024-05-02T02:27:00,A,2,26.97,65.02,20.05
2024-05-02T02:28:00,A,2,26.65,63.59,19.27
2024-05-02T02:29:00,A,2,26.39,63.5,20.07
2024-05-02T02:30:00,A,2,26.74,61.75,20.05
2024-05-02T02:31:00,A,2,26.02,63.42,20.35
2024-05-02T02:32:00,A,2,26.29,64.81,20.63
2024-05-02T02:33:00,A,2,25.8,65.53,20.27
2024-05-02T02:34:00,A,2,25.65,63.52,20.7
2024-05-02T02:35:00,A,2,26.72,62.85,20.24
2024-05-02T02:36:00,A,2,26.77,62.63,20.43
2024-05-02T02:37:00,A,2,26.19,64.67,20.3
2024-05-02T02:38:00,A,2,26.3,62.68,20.52
2024-05-02T02:39:00,A,2,26.5,61.79,21.22
2024-05-02T02:40:00,A,2,26.37,63.61,20.07
2024-05-02T02:41:00,A,2,25.83,62.35,21.5
2024-05-02T02:42:00,A,2,25.84,63.91,20.27
2024-05-02T02:43:00,A,2,26.65,64.01,20.02
2024-05-02T02:44:00,A,2,26.47,64.71,20.87
2024-05-02T02:45:00,A,2,26.46,63.64,20.88
2024-05-02T02:46:00,A,2,26.38,61.67,21.15
2024-05-02T02:47:00,A,2,25.88,63.8,20.55
2024-05-02T02:48:00,A,2,26.62,63.34,20.91
2024-05-02T02:49:00,A,2,26.58,63.4,20.56
2024-05-02T02:50:00,A,2,25.39,63.27,20.42
2024-05-02T02:51:00,A,2,26.91,63.31,21.3
2024-05-02T02:52:00,A,2,26.21,62.67,21.22
2024-05-02T02:53:00,A,2,26.99,66.18,21.46
2024-05-02T02:54:00,A,2,26.81,63.75,20.71
2024-05-02T02:55:00,A,2,26.24,61.16,21.05
2024-05-02T02:56:00,A,2,26.52,64.01,20.78
2024-05-02T02:57:00,A,2,26.25,63.65,20.04
2024-05-02T02:58:00,A,2,26.57,64.64,21.2
2024-05-02T02:59:00,A,2,26.47,65.23,20.46
2024-05-02T03:00:00,A,2,26.85,62.79,20.61
2024-05-02T03:01:00,A,2,26.88,61.92,21.3
2024-05-02T03:02:00,A,2,26.82,64.34,21.19
2024-05-02T03:03:00,A,2,26.49,64.73,19.9
2024-05-02T03:04:00,A,2,26.11,62.12,21.25
2024-05-02T03:05:00,A,2,26.59,61.12,19.98
2024-05-02T03:06:00,A,2,26.6,62.49,22.07
2024-05-02T03:07:00,A,2,26.48,63.23,20.96
2024-05-02T03:08:00,A,2,27.48,62.74,21.13
2024-05-02T03:09:00,A,2,25.93,64.56,21.89
2024-05-02T03:10:00,A,2,26.7,66.27,21.3
2024-05-02T03:11:00,A,2,26.56,64.04,21.43
2024-05-02T03:12:00,A,2,26.79,63.06,20.58
2024-05-02T03:13:00,A,2,26.32,62.38,21.6
2024-05-02T03:14:00,A,2,27.25,63.28,21.06
2024-05-02T03:15:00,A,2,26.72,64.56,21.5
2024-05-02T03:16:00,A,2,26.48,64.11,21.57
2024-05-02T03:17:00,A,2,27.16,64.71,20.83
2024-05-02T03:18:00,A,2,27.33,61.56,21.82
2024-05-02T03:19:00,A,2,27.27,62.19,20.86
2024-05-02T03:20:00,A,2,27.04,65.72,20.94
2024-05-02T03:21:00,A,2,26.8,61.77,19.49
2024-05-02T03:22:00,A,2,27.71,64.45,21.2
2024-05-02T03:23:00,A,2,27.01,62.25,20.86
2024-05-02T03:24:00,A,2,26.52,63.1,21.35
2024-05-02T03:25:00,A,2,27.0,63.88,21.27
2024-05-02T03:26:00,A,2,26.76,62.34,20.3
2024-05-02T03:27:00,A,2,27.51,62.1,21.05
2024-05-02T03:28:00,A,2,27.17,63.6,21.39
2024-05-02T03:29:00,A,2,26.76,63.94,21.2
2024-05-02T03:30:00,A,2,26.89,65.08,22.5
2024-05-02T03:31:00,A,2,26.66,65.31,20.55
2024-05-02T03:32:00,A,2,26.72,64.24,20.46
2024-05-02T03:33:00,A,2,26.23,63.55,21.16
2024-05-02T03:34:00,A,2,27.53,62.35,20.74
2024-05-02T03:35:00,A,2,26.86,64.56,20.57
2024-05-02T03:36:00,A,2,26.8,62.56,22.22
2024-05-02T03:37:00,A,2,27.82,62.7,21.09
2024-05-02T03:38:00,A,2,27.0,62.6,21.67
2024-05-02T03:39:00,A,2,27.5,61.84,20.93
2024-05-02T03:40:00,A,2,26.78,63.33,20.85
2024-05-02T03:41:00,A,2,26.38,62.24,21.21
2024-05-02T03:42:00,A,2,27.16,61.77,21.51
2024-05-02T03:43:00,A,2,26.33,62.54,20.95
2024-05-02T03:44:00,A,2,26.95,63.26,21.94
2024-05-02T03:45:00,A,2,27.05,62.84,20.47
2024-05-02T03:46:00,A,2,27.6,62.43,21.95
2024-05-02T03:47:00,A,2,26.27,60.22,22.05
2024-05-02T03:48:00,A,2,27.12,64.04,20.9
2024-05-02T03:49:00,A,2,26.62,62.3,22.25
2024-05-02T03:50:00,A,2,27.26,62.36,21.72
2024-05-02T03:51:00,A,2,27.22,62.02,21.76
2024-05-02T03:52:00,A,2,27.3,60.19,21.54
2024-05-02T03:53:00,A,2,27.45,64.04,22.74
2024-05-02T03:54:00,A,2,26.96,62.72,21.18
2024-05-02T03:55:00,A,2,27.38,60.69,21.33
2024-05-02T03:56:00,A,2,27.25,62.73,21.29
2024-05-02T03:57:00,A,2,27.51,62.74,22.28
2024-05-02T03:58:00,A,2,27.32,60.79,20.9
2024-05-02T03:59:00,A,2,26.72,63.1,21.74
2024-05-02T04:00:00,A,2,26.88,62.97,21.76
2024-05-02T04:01:00,A,2,27.3,62.46,20.82
2024-05-02T04:02:00,A,2,27.58,62.85,21.98
2024-05-02T04:03:00,A,2,27.21,62.44,22.44
2024-05-02T04:04:00,A,2,26.79,62.95,21.78
2024-05-02T04:05:00,A,2,27.0,62.13,22.48
2024-05-02T04:06:00,A,2,26.81,59.86,21.87
2024-05-02T04:07:00,A,2,27.24,64.04,20.92
2024-05-02T04:08:00,A,2,26.47,61.4,22.05
2024-05-02T04:09:00,A,2,26.75,63.26,22.07
2024-05-02T04:10:00,A,2,26.62,65.22,21.99
2024-05-02T04:11:00,A,2,27.28,61.86,21.19
2024-05-02T04:12:00,A,2,27.03,62.48,22.86
2024-05-02T04:13:00,A,2,27.38,62.25,21.55
2024-05-02T04:14:00,A,2,27.33,63.86,21.61
2024-05-02T04:15:00,A,2,27.87,63.13,20.56
2024-05-02T04:16:00,A,2,26.39,60.38,21.92
2024-05-02T04:17:00,A,2,27.03,60.0,21.42
2024-05-02T04:18:00,A,2,27.95,62.49,20.84
2024-05-02T04:19:00,A,2,27.11,58.61,21.53
2024-05-02T04:20:00,A,2,27.31,62.75,21.62
2024-05-02T04:21:00,A,2,27.03,62.24,22.07
2024-05-02T04:22:00,A,2,27.34,61.6,21.48
2024-05-02T04:23:00,A,2,27.24,62.67,22.28
2024-05-02T04:24:00,A,2,27.13,62.26,21.78
2024-05-02T04:25:00,A,2,27.17,62.45,21.55
2024-05-02T04:26:00,A,2,27.51,62.1,21.37
2024-05-02T04:27:00,A,2,27.6,59.16,21.91
2024-05-02T04:28:00,A,2,27.76,60.93,21.44
2024-05-02T04:29:00,A,2,27.5,62.85,21.97
2024-05-02T04:30:00,A,2,27.19,61.32,22.21
2024-05-02T04:31:00,A,2,27.82,62.96,22.23
2024-05-02T04:32:00,A,2,27.64,61.64,22.45
2024-05-02T04:33:00,A,2,27.38,64.68,21.7
2024-05-02T04:34:00,A,2,27.61,62.77,21.9
2024-05-02T04:35:00,A,2,27.06,61.53,21.76
2024-05-02T04:36:00,A,2,27.75,63.07,22.62
2024-05-02T04:37:00,A,2,27.1,60.46,21.48
2024-05-02T04:38:00,A,2,27.26,61.13,22.59
2024-05-02T04:39:00,A,2,28.01,62.11,21.4
2024-05-02T04:40:00,A,2,27.32,61.03,21.57
2024-05-02T04:41:00,A,2,27.72,61.8,21.75
2024-05-02T04:42:00,A,2,26.83,62.44,21.46
2024-05-02T04:43:00,A,2,26.81,59.83,21.36
2024-05-02T04:44:00,A,2,27.07,61.64,19.54
2024-05-02T04:45:00,A,2,27.33,59.99,22.2
2024-05-02T04:46:00,A,2,27.04,60.44,21.23
2024-05-02T04:47:00,A,2,27.46,61.94,20.77
2024-05-02T04:48:00,A,2,26.94,61.66,20.4
2024-05-02T04:49:00,A,2,27.34,60.86,21.45
2024-05-02T04:50:00,A,2,27.21,61.61,21.68
2024-05-02T04:51:00,A,2,27.66,60.41,21.28
2024-05-02T04:52:00,A,2,27.5,61.7,22.55
2024-05-02T04:53:00,A,2,27.96,62.29,22.14
2024-05-02T04:54:00,A,2,27.32,62.02,21.2
2024-05-02T04:55:00,A,2,26.53,62.27,21.91
2024-05-02T04:56:00,A,2,27.78,61.11,22.57
2024-05-02T04:57:00,A,2,27.67,60.4,21.74
2024-05-02T04:58:00,A,2,26.77,61.21,21.18
2024-05-02T04:59:00,A,2,27.32,64.11,21.45
2024-05-02T05:00:00,A,2,26.87,60.67,21.47
2024-05-02T05:01:00,A,2,26.83,61.0,20.81
2024-05-02T05:02:00,A,2,27.36,60.82,22.12
2024-05-02T05:03:00,A,2,27.3,61.98,22.08
2024-05-02T05:04:00,A,2,27.84,59.34,22.55
2024-05-02T05:05:00,A,2,27.61,59.77,23.33
2024-05-02T05:06:00,A,2,27.23,61.21,21.65
2024-05-02T05:07:00,A,2,27.53,62.36,22.06
2024-05-02T05:08:00,A,2,27.35,62.35,21.75
2024-05-02T05:09:00,A,2,26.82,61.58,22.56
2024-05-02T05:10:00,A,2,27.43,62.18,22.49
2024-05-02T05:11:00,A,2,27.1,63.25,22.4
2024-05-02T05:12:00,A,2,26.66,60.02,21.55
2024-05-02T05:13:00,A,2,27.62,58.9,21.04
2024-05-02T05:14:00,A,2,28.14,60.01,21.76
2024-05-02T05:15:00,A,2,27.13,63.03,22.41
2024-05-02T05:16:00,A,2,27.46,59.54,20.72
2024-05-02T05:17:00,A,2,27.93,61.96,22.29
2024-05-02T05:18:00,A,2,27.25,60.09,21.89
2024-05-02T05:19:00,A,2,26.08,60.28,21.87
2024-05-02T05:20:00,A,2,26.99,61.35,21.08
2024-05-02T05:21:00,A,2,27.58,60.95,21.84
2024-05-02T05:22:00,A,2,27.23,60.26,22.24
2024-05-02T05:23:00,A,2,26.69,58.75,21.09
2024-05-02T05:24:00,A,2,27.28,61.69,22.46
2024-05-02T05:25:00,A,2,27.46,60.6,21.28
2024-05-02T05:26:00,A,2,27.67,61.08,21.75
2024-05-02T05:27:00,A,2,27.15,59.58,22.02
2024-05-02T05:28:00,A,2,26.9,63.49,22.61
2024-05-02T05:29:00,A,2,27.01,60.75,21.82
2024-05-02T05:30:00,A,2,27.42,59.31,21.75
2024-05-02T05:31:00,A,2,27.38,61.42,21.27
2024-05-02T05:32:00,A,2,27.65,63.09,21.83
2024-05-02T05:33:00,A,2,26.62,61.18,22.12
2024-05-02T05:34:00,A,2,27.73,60.53,21.11
2024-05-02T05:35:00,A,2,27.29,60.58,21.5
2024-05-02T05:36:00,A,2,27.48,60.11,20.91
2024-05-02T05:37:00,A,2,27.55,60.22,22.84
2024-05-02T05:38:00,A,2,28.14,60.02,21.15
2024-05-02T05:39:00,A,2,27.24,58.39,21.64
2024-05-02T05:40:00,A,2,26.61,59.55,21.89
2024-05-02T05:41:00,A,2,27.59,60.22,21.94
2024-05-02T05:42:00,A,2,28.25,60.02,23.25
2024-05-02T05:43:00,A,2,27.24,58.69,22.24
2024-05-02T05:44:00,A,2,27.44,61.69,22.71
2024-05-02T05:45:00,A,2,27.64,63.73,22.41
2024-05-02T05:46:00,A,2,27.5,59.73,21.65
2024-05-02T05:47:00,A,2,27.26,58.93,23.4
2024-05-02T05:48:00,A,2,27.73,62.04,21.95
2024-05-02T05:49:00,A,2,27.27,62.67,21.86
2024-05-02T05:50:00,A,2,26.94,59.51,22.32
2024-05-02T05:51:00,A,2,27.13,61.32,21.67
2024-05-02T05:52:00,A,2,27.78,59.42,22.31
2024-05-02T05:53:00,A,2,27.42,60.08,21.99
2024-05-02T05:54:00,A,2,27.75,60.62,22.16
2024-05-02T05:55:00,A,2,27.5,60.48,21.69
2024-05-02T05:56:00,A,2,28.42,60.22,21.47
2024-05-02T05:57:00,A,2,27.6,59.6,22.37
2024-05-02T05:58:00,A,2,27.61,60.7,21.8
2024-05-02T05:59:00,A,2,27.44,59.17,20.88
2024-05-01T06:00:00,A,3,27.89,60.41,23.74
2024-05-01T06:01:00,A,3,27.7,57.25,24.05
2024-05-01T06:02:00,A,3,28.16,57.63,24.5
2024-05-01T06:03:00,A,3,27.96,58.73,24.44
2024-05-01T06:04:00,A,3,27.56,57.04,24.26
2024-05-01T06:05:00,A,3,28.34,57.85,23.82
2024-05-01T06:06:00,A,3,27.44,57.87,23.67
2024-05-01T06:07:00,A,3,27.99,57.8,23.87
2024-05-01T06:08:00,A,3,28.09,59.73,24.25
2024-05-01T06:09:00,A,3,27.72,59.3,23.92
2024-05-01T06:10:00,A,3,27.63,59.55,24.56
2024-05-01T06:11:00,A,3,27.21,58.44,24.46
2024-05-01T06:12:00,A,3,28.31,55.91,24.47
2024-05-01T06:13:00,A,3,27.79,57.33,23.54
2024-05-01T06:14:00,A,3,28.69,56.06,24.37
2024-05-01T06:15:00,A,3,28.04,57.26,24.92
2024-05-01T06:16:00,A,3,27.34,55.25,24.23
2024-05-01T06:17:00,A,3,28.23,58.72,23.88
2024-05-01T06:18:00,A,3,28.13,59.53,23.96
2024-05-01T06:19:00,A,3,28.01,58.94,23.07
2024-05-01T06:20:00,A,3,27.9,53.49,23.88
2024-05-01T06:21:00,A,3,28.14,56.35,24.96
2024-05-01T06:22:00,A,3,27.72,58.67,23.37
2024-05-01T06:23:00,A,3,27.67,58.92,22.85
2024-05-01T06:24:00,A,3,28.34,57.4,23.55
2024-05-01T06:25:00,A,3,28.16,57.91,24.09
2024-05-01T06:26:00,A,3,28.18,57.08,23.72
2024-05-01T06:27:00,A,3,29.11,56.22,24.03
2024-05-01T06:28:00,A,3,28.47,57.55,23.89
2024-05-01T06:29:00,A,3,27.23,57.26,23.55
2024-05-01T06:30:00,A,3,28.07,58.01,23.73
2024-05-01T06:31:00,A,3,28.65,58.35,23.47
2024-05-01T06:32:00,A,3,28.41,57.11,24.02
2024-05-01T06:33:00,A,3,28.2,55.9,24.64
2024-05-01T06:34:00,A,3,28.3,57.43,23.69
2024-05-01T06:35:00,A,3,27.51,56.12,24.28
2024-05-01T06:36:00,A,3,27.9,54.21,24.23
2024-05-01T06:37:00,A,3,27.51,58.68,25.24
2024-05-01T06:38:00,A,3,27.52,57.39,25.15
2024-05-01T06:39:00,A,3,28.19,56.41,24.38
2024-05-01T06:40:00,A,3,26.95,57.54,23.65
2024-05-01T06:41:00,A,3,28.29,56.6,23.35
2024-05-01T06:42:00,A,3,27.58,56.4,23.72
2024-05-01T06:43:00,A,3,28.17,54.58,25.11
2024-05-01T06:44:00,A,3,27.72,57.39,23.64
2024-05-01T06:45:00,A,3,27.98,56.77,24.38
2024-05-01T06:46:00,A,3,28.26,57.67,23.74
2024-05-01T06:47:00,A,3,27.82,58.81,22.4
2024-05-01T06:48:00,A,3,28.82,57.57,24.18
2024-05-01T06:49:00,A,3,27.16,57.82,24.28
2024-05-01T06:50:00,A,3,27.82,56.37,23.72
2024-05-01T06:51:00,A,3,27.82,57.57,23.49
2024-05-01T06:52:00,A,3,27.23,56.08,24.2
2024-05-01T06:53:00,A,3,27.22,57.19,23.7
2024-05-01T06:54:00,A,3,28.04,56.65,24.36
2024-05-01T06:55:00,A,3,28.02,55.94,23.28
2024-05-01T06:56:00,A,3,27.89,57.78,23.98
2024-05-01T06:57:00,A,3,27.95,59.13,22.54
2024-05-01T06:58:00,A,3,28.17,56.45,22.11
2024-05-01T06:59:00,A,3,27.26,55.59,23.93
2024-05-01T07:00:00,A,3,27.49,55.38,25.21
2024-05-01T07:01:00,A,3,27.98,55.96,24.31
2024-05-01T07:02:00,A,3,27.38,56.53,23.56
2024-05-01T07:03:00,A,3,28.09,54.94,24.29
2024-05-01T07:04:00,A,3,27.66,57.28,23.45
2024-05-01T07:05:00,A,3,27.38,57.7,23.63
2024-05-01T07:06:00,A,3,27.27,57.03,23.87
2024-05-01T07:07:00,A,3,28.32,55.42,23.04
2024-05-01T07:08:00,A,3,28.0,57.78,24.1
2024-05-01T07:09:00,A,3,27.29,60.77,24.17
2024-05-01T07:10:00,A,3,28.1,57.53,24.38
2024-05-01T07:11:00,A,3,27.46,54.81,25.16
2024-05-01T07:12:00,A,3,26.84,55.94,23.87
2024-05-01T07:13:00,A,3,27.12,56.59,23.89
2024-05-01T07:14:00,A,3,27.67,55.47,24.35
2024-05-01T07:15:00,A,3,27.39,57.67,24.85
2024-05-01T07:16:00,A,3,27.5,56.67,23.3
2024-05-01T07:17:00,A,3,27.39,54.73,24.55
2024-05-01T07:18:00,A,3,27.81,55.08,24.1
2024-05-01T07:19:00,A,3,28.08,56.45,23.99
2024-05-01T07:20:00,A,3,28.28,56.9,23.86
2024-05-01T07:21:00,A,3,27.84,57.53,23.83
2024-05-01T07:22:00,A,3,27.54,56.45,23.77
2024-05-01T07:23:00,A,3,28.18,56.49,24.68
2024-05-01T07:24:00,A,3,27.55,57.85,22.75
2024-05-01T07:25:00,A,3,27.49,55.89,22.09
2024-05-01T07:26:00,A,3,28.08,55.29,23.54
2024-05-01T07:27:00,A,3,27.44,56.12,24.68
2024-05-01T07:28:00,A,3,27.2,55.47,23.6
2024-05-01T07:29:00,A,3,27.94,56.0,23.8
2024-05-01T07:30:00,A,3,28.17,56.45,24.45
2024-05-01T07:31:00,A,3,27.4,57.69,23.68
2024-05-01T07:32:00,A,3,27.45,53.54,23.47
2024-05-01T07:33:00,A,3,27.93,57.98,24.35
2024-05-01T07:34:00,A,3,27.47,56.89,24.46
2024-05-01T07:35:00,A,3,27.88,56.15,24.07
2024-05-01T07:36:00,A,3,28.28,57.4,23.06
2024-05-01T07:37:00,A,3,27.57,55.08,22.97
2024-05-01T07:38:00,A,3,27.56,56.1,23.41
2024-05-01T07:39:00,A,3,27.77,56.19,23.24
2024-05-01T07:40:00,A,3,28.21,56.67,22.97
2024-05-01T07:41:00,A,3,27.5,55.26,23.96
2024-05-01T07:42:00,A,3,27.03,56.03,23.65
2024-05-01T07:43:00,A,3,26.73,56.31,23.11
2024-05-01T07:44:00,A,3,27.57,56.39,24.09
2024-05-01T07:45:00,A,3,27.93,54.03,23.93
2024-05-01T07:46:00,A,3,28.27,55.22,23.86
2024-05-01T07:47:00,A,3,27.25,57.53,23.61
2024-05-01T07:48:00,A,3,28.39,56.8,24.25
2024-05-01T07:49:00,A,3,27.51,52.87,23.61
2024-05-01T07:50:00,A,3,28.31,57.46,23.43
2024-05-01T07:51:00,A,3,28.0,54.08,23.91
2024-05-01T07:52:00,A,3,27.27,56.17,25.16
2024-05-01T07:53:00,A,3,27.6,56.35,23.6
2024-05-01T07:54:00,A,3,27.26,57.66,23.65
2024-05-01T07:55:00,A,3,28.05,56.07,23.29
2024-05-01T07:56:00,A,3,27.62,54.44,23.37
2024-05-01T07:57:00,A,3,27.36,57.34,23.87
2024-05-01T07:58:00,A,3,27.0,56.13,23.12
2024-05-01T07:59:00,A,3,27.32,55.86,23.12
2024-05-01T08:00:00,A,3,27.83,55.18,24.24
2024-05-01T08:01:00,A,3,27.58,56.41,23.93
2024-05-01T08:02:00,A,3,27.63,56.07,24.3
2024-05-01T08:03:00,A,3,27.87,53.08,24.3
2024-05-01T08:04:00,A,3,27.21,55.01,23.13
2024-05-01T08:05:00,A,3,26.9,55.56,23.87
2024-05-01T08:06:00,A,3,27.48,55.59,23.29
2024-05-01T08:07:00,A,3,27.91,56.1,23.01
2024-05-01T08:08:00,A,3,27.43,55.3,22.84
2024-05-01T08:09:00,A,3,27.8,56.51,24.11
2024-05-01T08:10:00,A,3,27.31,52.68,23.6
2024-05-01T08:11:00,A,3,27.64,55.23,22.61
2024-05-01T08:12:00,A,3,27.28,56.58,21.85
2024-05-01T08:13:00,A,3,27.21,56.67,23.01
2024-05-01T08:14:00,A,3,26.41,57.01,23.11
2024-05-01T08:15:00,A,3,27.48,56.04,22.87
2024-05-01T08:16:00,A,3,27.96,55.76,21.84
2024-05-01T08:17:00,A,3,27.96,54.86,23.31
2024-05-01T08:18:00,A,3,27.89,56.07,23.98
2024-05-01T08:19:00,A,3,27.59,55.05,23.57
2024-05-01T08:20:00,A,3,27.18,53.73,23.36
2024-05-01T08:21:00,A,3,27.22,54.37,23.54
2024-05-01T08:22:00,A,3,27.59,55.92,23.56
2024-05-01T08:23:00,A,3,26.86,52.83,23.11
2024-05-01T08:24:00,A,3,27.68,54.53,23.11
2024-05-01T08:25:00,A,3,26.95,53.36,23.87
2024-05-01T08:26:00,A,3,27.51,53.09,23.79
2024-05-01T08:27:00,A,3,27.57,56.45,22.9
2024-05-01T08:28:00,A,3,27.88,55.4,22.69
2024-05-01T08:29:00,A,3,27.38,54.46,23.98
2024-05-01T08:30:00,A,3,27.29,54.33,22.98
2024-05-01T08:31:00,A,3,26.92,55.43,23.39
2024-05-01T08:32:00,A,3,27.92,57.19,24.05
2024-05-01T08:33:00,A,3,27.38,55.17,23.09
2024-05-01T08:34:00,A,3,27.22,53.86,23.4
2024-05-01T08:35:00,A,3,27.42,54.1,21.73
2024-05-01T08:36:00,A,3,26.98,56.27,22.59
2024-05-01T08:37:00,A,3,26.76,55.24,23.42
2024-05-01T08:38:00,A,3,27.17,55.26,23.19
2024-05-01T08:39:00,A,3,27.11,54.74,23.23
2024-05-01T08:40:00,A,3,26.89,53.71,23.39
2024-05-01T08:41:00,A,3,26.96,54.31,22.74
2024-05-01T08:42:00,A,3,26.79,54.24,22.73
2024-05-01T08:43:00,A,3,27.28,52.97,22.86
2024-05-01T08:44:00,A,3,27.18,54.79,22.53
2024-05-01T08:45:00,A,3,27.56,55.64,22.81
2024-05-01T08:46:00,A,3,27.94,54.45,22.76
2024-05-01T08:47:00,A,3,27.45,53.92,23.21
2024-05-01T08:48:00,A,3,26.76,53.25,23.19
2024-05-01T08:49:00,A,3,27.48,54.03,23.22
2024-05-01T08:50:00,A,3,27.51,52.77,23.42
2024-05-01T08:51:00,A,3,27.2,53.84,23.13
2024-05-01T08:52:00,A,3,28.0,54.26,21.96
2024-05-01T08:53:00,A,3,28.22,53.22,22.4
2024-05-01T08:54:00,A,3,26.67,52.86,22.61
2024-05-01T08:55:00,A,3,26.82,55.05,23.26
2024-05-01T08:56:00,A,3,26.99,52.19,22.59
2024-05-01T08:57:00,A,3,26.77,53.87,23.13
2024-05-01T08:58:00,A,3,27.35,55.12,23.09
2024-05-01T08:59:00,A,3,26.68,55.25,22.77
2024-05-01T09:00:00,A,3,26.89,56.25,22.39
2024-05-01T09:01:00,A,3,27.15,55.62,22.87
2024-05-01T09:02:00,A,3,26.73,56.17,22.89
2024-05-01T09:03:00,A,3,27.36,52.34,21.84
2024-05-01T09:04:00,A,3,26.88,53.76,22.01
2024-05-01T09:05:00,A,3,26.86,51.75,22.48
2024-05-01T09:06:00,A,3,27.29,54.12,22.62
2024-05-01T09:07:00,A,3,27.14,56.88,22.86
2024-05-01T09:08:00,A,3,26.72,54.3,22.1
2024-05-01T09:09:00,A,3,27.32,55.28,22.37
2024-05-01T09:10:00,A,3,26.49,54.39,22.51
2024-05-01T09:11:00,A,3,27.33,51.44,23.5
2024-05-01T09:12:00,A,3,26.29,55.91,21.51
2024-05-01T09:13:00,A,3,26.96,53.92,22.81
2024-05-01T09:14:00,A,3,27.29,53.62,22.44
2024-05-01T09:15:00,A,3,26.56,55.91,22.75
2024-05-01T09:16:00,A,3,26.93,53.74,23.08
2024-05-01T09:17:00,A,3,26.74,54.5,21.7
2024-05-01T09:18:00,A,3,26.94,52.65,22.46
2024-05-01T09:19:00,A,3,26.79,54.9,23.24
2024-05-01T09:20:00,A,3,26.57,53.25,23.56
2024-05-01T09:21:00,A,3,26.94,56.39,22.47
2024-05-01T09:22:00,A,3,26.96,53.66,22.01
2024-05-01T09:23:00,A,3,27.21,57.23,22.56
2024-05-01T09:24:00,A,3,26.36,52.35,23.92
2024-05-01T09:25:00,A,3,26.84,55.19,21.6
2024-05-01T09:26:00,A,3,27.18,53.42,23.19
2024-05-01T09:27:00,A,3,26.64,55.26,22.86
2024-05-01T09:28:00,A,3,26.59,54.67,23.17
2024-05-01T09:29:00,A,3,26.59,53.18,21.56
2024-05-01T09:30:00,A,3,26.58,55.88,22.4
2024-05-01T09:31:00,A,3,27.25,53.57,22.97
2024-05-01T09:32:00,A,3,26.17,52.66,21.98
2024-05-01T09:33:00,A,3,26.32,55.38,21.96
2024-05-01T09:34:00,A,3,27.05,55.59,22.16
2024-05-01T09:35:00,A,3,27.02,54.75,22.39
2024-05-01T09:36:00,A,3,27.07,53.3,21.86
2024-05-01T09:37:00,A,3,26.03,54.67,22.71
2024-05-01T09:38:00,A,3,26.47,51.97,22.0
2024-05-01T09:39:00,A,3,26.81,52.95,22.07
2024-05-01T09:40:00,A,3,26.45,54.6,22.63
2024-05-01T09:41:00,A,3,25.95,55.89,22.54
2024-05-01T09:42:00,A,3,26.65,53.02,22.14
2024-05-01T09:43:00,A,3,26.28,53.42,21.54
2024-05-01T09:44:00,A,3,27.08,54.09,22.07
2024-05-01T09:45:00,A,3,26.35,51.81,23.49
2024-05-01T09:46:00,A,3,27.07,55.08,21.66
2024-05-01T09:47:00,A,3,26.87,55.8,21.61
2024-05-01T09:48:00,A,3,26.63,54.78,22.45
2024-05-01T09:49:00,A,3,26.5,50.68,22.06
2024-05-01T09:50:00,A,3,26.88,52.92,21.63
2024-05-01T09:51:00,A,3,26.52,53.92,22.38
2024-05-01T09:52:00,A,3,27.01,55.09,22.57
2024-05-01T09:53:00,A,3,25.99,52.0,22.88
2024-05-01T09:54:00,A,3,26.71,53.87,22.0
2024-05-01T09:55:00,A,3,26.73,51.78,21.19
2024-05-01T09:56:00,A,3,26.53,53.13,21.96
2024-05-01T09:57:00,A,3,26.44,52.86,22.18
2024-05-01T09:58:00,A,3,26.96,54.68,22.44
2024-05-01T09:59:00,A,3,26.81,53.94,21.12
2024-05-01T10:00:00,A,3,26.23,54.01,22.69
2024-05-01T10:01:00,A,3,26.61,53.4,21.49
2024-05-01T10:02:00,A,3,26.62,54.82,22.31
2024-05-01T10:03:00,A,3,26.16,53.17,22.77
2024-05-01T10:04:00,A,3,26.05,53.45,21.25
2024-05-01T10:05:00,A,3,26.47,52.74,21.75
2024-05-01T10:06:00,A,3,26.74,54.2,21.75
2024-05-01T10:07:00,A,3,26.36,54.56,22.09
2024-05-01T10:08:00,A,3,26.01,54.14,20.63
2024-05-01T10:09:00,A,3,26.69,53.92,21.98
2024-05-01T10:10:00,A,3,25.56,54.43,21.64
2024-05-01T10:11:00,A,3,26.28,53.89,22.06
2024-05-01T10:12:00,A,3,26.07,54.35,21.97
2024-05-01T10:13:00,A,3,26.14,56.73,20.61
2024-05-01T10:14:00,A,3,26.69,53.08,21.51
2024-05-01T10:15:00,A,3,26.15,51.93,21.42
2024-05-01T10:16:00,A,3,26.94,53.51,22.85
2024-05-01T10:17:00,A,3,26.66,52.79,21.6
2024-05-01T10:18:00,A,3,26.31,52.68,22.42
2024-05-01T10:19:00,A,3,26.17,52.49,21.87
2024-05-01T10:20:00,A,3,26.09,54.55,21.62
2024-05-01T10:21:00,A,3,26.22,52.84,22.19
2024-05-01T10:22:00,A,3,26.74,52.02,22.36
2024-05-01T10:23:00,A,3,26.19,54.05,21.78
2024-05-01T10:24:00,A,3,25.47,52.99,21.28
2024-05-01T10:25:00,A,3,26.26,55.3,21.6
2024-05-01T10:26:00,A,3,25.94,52.56,21.84
2024-05-01T10:27:00,A,3,25.98,53.82,22.73
2024-05-01T10:28:00,A,3,26.33,54.45,21.86
2024-05-01T10:29:00,A,3,25.98,53.68,21.78
2024-05-01T10:30:00,A,3,25.9,55.19,20.41
2024-05-01T10:31:00,A,3,26.79,56.03,22.37
2024-05-01T10:32:00,A,3,25.92,55.23,21.45
2024-05-01T10:33:00,A,3,26.3,51.82,21.53
2024-05-01T10:34:00,A,3,26.16,50.96,21.34
2024-05-01T10:35:00,A,3,26.53,51.92,21.31
2024-05-01T10:36:00,A,3,26.07,54.42,21.67
2024-05-01T10:37:00,A,3,25.95,52.61,21.13
2024-05-01T10:38:00,A,3,25.86,52.05,20.87
2024-05-01T10:39:00,A,3,26.0,55.09,20.59
2024-05-01T10:40:00,A,3,26.8,54.06,20.72
2024-05-01T10:41:00,A,3,26.23,52.83,21.54
2024-05-01T10:42:00,A,3,26.97,53.65,21.46
2024-05-01T10:43:00,A,3,25.6,54.23,20.86
2024-05-01T10:44:00,A,3,25.87,53.08,21.3
2024-05-01T10:45:00,A,3,25.99,53.81,21.69
2024-05-01T10:46:00,A,3,25.97,53.56,21.43
2024-05-01T10:47:00,A,3,25.83,54.37,21.75
2024-05-01T10:48:00,A,3,26.23,55.26,21.86
2024-05-01T10:49:00,A,3,25.91,54.54,21.59
2024-05-01T10:50:00,A,3,25.82,52.88,21.58
2024-05-01T10:51:00,A,3,25.71,52.29,21.23
2024-05-01T10:52:00,A,3,26.06,55.06,20.88
2024-05-01T10:53:00,A,3,25.59,55.62,19.82
2024-05-01T10:54:00,A,3,25.53,52.98,21.35
2024-05-01T10:55:00,A,3,25.08,51.58,21.22
2024-05-01T10:56:00,A,3,26.02,54.41,20.98
2024-05-01T10:57:00,A,3,25.25,52.18,20.83
2024-05-01T10:58:00,A,3,26.39,54.66,20.28
2024-05-01T10:59:00,A,3,25.96,54.0,21.3
2024-05-01T11:00:00,A,3,25.5,52.82,20.26
2024-05-01T11:01:00,A,3,26.78,53.81,21.04
2024-05-01T11:02:00,A,3,25.5,54.04,21.26
2024-05-01T11:03:00,A,3,26.23,50.47,20.91
2024-05-01T11:04:00,A,3,25.8,53.23,21.71
2024-05-01T11:05:00,A,3,25.76,52.73,21.12
2024-05-01T11:06:00,A,3,25.58,53.9,20.7
2024-05-01T11:07:00,A,3,26.35,53.36,21.24
2024-05-01T11:08:00,A,3,25.61,52.06,19.57
2024-05-01T11:09:00,A,3,25.55,53.55,21.48
2024-05-01T11:10:00,A,3,25.72,52.1,21.49
2024-05-01T11:11:00,A,3,25.73,53.04,20.82
2024-05-01T11:12:00,A,3,26.04,52.4,21.44
2024-05-01T11:13:00,A,3,25.03,52.3,20.7
2024-05-01T11:14:00,A,3,25.42,53.23,19.29
2024-05-01T11:15:00,A,3,25.57,53.78,21.16
2024-05-01T11:16:00,A,3,26.0,52.53,20.48
2024-05-01T11:17:00,A,3,25.67,52.99,21.78
2024-05-01T11:18:00,A,3,25.28,52.73,19.91
2024-05-01T11:19:00,A,3,26.53,51.19,21.34
2024-05-01T11:20:00,A,3,25.75,53.0,20.64
2024-05-01T11:21:00,A,3,25.42,52.69,19.97
2024-05-01T11:22:00,A,3,24.58,54.25,21.02
2024-05-01T11:23:00,A,3,26.2,52.7,20.21
2024-05-01T11:24:00,A,3,25.18,51.45,21.22
2024-05-01T11:25:00,A,3,24.84,52.07,19.99
2024-05-01T11:26:00,A,3,25.7,53.81,20.52
2024-05-01T11:27:00,A,3,25.5,52.82,20.82
2024-05-01T11:28:00,A,3,25.56,53.41,20.66
2024-05-01T11:29:00,A,3,25.56,51.86,21.36
2024-05-01T11:30:00,A,3,25.03,52.8,20.33
2024-05-01T11:31:00,A,3,26.03,53.16,19.93
2024-05-01T11:32:00,A,3,25.48,53.8,19.27
2024-05-01T11:33:00,A,3,25.63,52.15,21.11
2024-05-01T11:34:00,A,3,25.84,52.7,19.99
2024-05-01T11:35:00,A,3,25.32,54.14,20.05
2024-05-01T11:36:00,A,3,25.24,49.68,20.36
2024-05-01T11:37:00,A,3,25.34,51.67,22.14
2024-05-01T11:38:00,A,3,24.5,51.48,20.31
2024-05-01T11:39:00,A,3,25.33,55.28,19.65
2024-05-01T11:40:00,A,3,25.81,52.62,19.53
2024-05-01T11:41:00,A,3,25.04,54.19,21.38
2024-05-01T11:42:00,A,3,24.58,54.23,20.39
2024-05-01T11:43:00,A,3,25.49,53.02,20.41
2024-05-01T11:44:00,A,3,25.17,51.57,20.61
2024-05-01T11:45:00,A,3,25.37,52.59,20.3
2024-05-01T11:46:00,A,3,26.07,54.71,20.03
2024-05-01T11:47:00,A,3,24.94,54.93,20.48
2024-05-01T11:48:00,A,3,25.73,52.36,18.82
2024-05-01T11:49:00,A,3,25.54,52.14,19.08
2024-05-01T11:50:00,A,3,25.3,51.31,20.62
2024-05-01T11:51:00,A,3,25.23,54.19,20.19
2024-05-01T11:52:00,A,3,25.54,52.71,19.01
2024-05-01T11:53:00,A,3,25.39,54.5,19.79
2024-05-01T11:54:00,A,3,24.99,53.63,20.99
2024-05-01T11:55:00,A,3,25.36,53.55,19.68
2024-05-01T11:56:00,A,3,24.68,49.85,20.31
2024-05-01T11:57:00,A,3,25.67,53.72,19.46
2024-05-01T11:58:00,A,3,24.76,54.76,19.94
2024-05-01T11:59:00,A,3,25.33,53.61,19.37
2024-05-01T12:00:00,A,3,24.71,53.87,21.37
2024-05-01T12:01:00,A,3,24.91,54.27,19.89
2024-05-01T12:02:00,A,3,24.84,53.1,21.9
2024-05-01T12:03:00,A,3,24.74,53.35,19.78
2024-05-01T12:04:00,A,3,25.18,52.09,19.77
2024-05-01T12:05:00,A,3,24.61,53.19,19.79
2024-05-01T12:06:00,A,3,24.62,51.39,18.38
2024-05-01T12:07:00,A,3,24.88,53.59,19.04
2024-05-01T12:08:00,A,3,25.28,51.2,19.38
2024-05-01T12:09:00,A,3,24.15,54.08,18.85
2024-05-01T12:10:00,A,3,24.43,52.4,19.64
2024-05-01T12:11:00,A,3,25.23,53.48,19.19
2024-05-01T12:12:00,A,3,25.09,52.14,19.11
2024-05-01T12:13:00,A,3,24.88,53.81,19.84
2024-05-01T12:14:00,A,3,25.79,52.06,18.45
2024-05-01T12:15:00,A,3,23.99,52.01,20.28
2024-05-01T12:16:00,A,3,24.32,53.07,20.28
2024-05-01T12:17:00,A,3,24.65,52.33,19.84
2024-05-01T12:18:00,A,3,25.12,52.43,20.57
2024-05-01T12:19:00,A,3,24.59,52.44,20.45
2024-05-01T12:20:00,A,3,24.87,52.94,20.13
2024-05-01T12:21:00,A,3,24.63,53.94,19.24
2024-05-01T12:22:00,A,3,24.6,52.64,19.37
2024-05-01T12:23:00,A,3,24.38,54.39,19.17
2024-05-01T12:24:00,A,3,25.09,54.3,19.31
2024-05-01T12:25:00,A,3,24.49,53.99,19.01
2024-05-01T12:26:00,A,3,24.27,51.75,19.93
2024-05-01T12:27:00,A,3,25.22,52.19,19.68
2024-05-01T12:28:00,A,3,24.88,53.13,20.13
2024-05-01T12:29:00,A,3,24.27,53.51,19.42
2024-05-01T12:30:00,A,3,24.8,54.04,19.21
2024-05-01T12:31:00,A,3,24.11,55.41,18.83
2024-05-01T12:32:00,A,3,24.17,52.53,20.2
2024-05-01T12:33:00,A,3,23.56,53.46,20.25
2024-05-01T12:34:00,A,3,25.27,55.34,19.33
2024-05-01T12:35:00,A,3,25.22,53.18,19.98
2024-05-01T12:36:00,A,3,25.17,53.21,19.4
2024-05-01T12:37:00,A,3,24.38,50.65,19.39
2024-05-01T12:38:00,A,3,24.95,52.51,19.52
2024-05-01T12:39:00,A,3,23.77,53.99,19.88
2024-05-01T12:40:00,A,3,24.93,51.66,18.76
2024-05-01T12:41:00,A,3,24.54,53.02,18.86
2024-05-01T12:42:00,A,3,24.28,52.36,19.43
2024-05-01T12:43:00,A,3,24.39,54.07,19.76
2024-05-01T12:44:00,A,3,24.68,51.55,19.79
2024-05-01T12:45:00,A,3,24.5,54.72,19.72
2024-05-01T12:46:00,A,3,24.15,52.68,19.31
2024-05-01T12:47:00,A,3,24.3,54.93,19.86
2024-05-01T12:48:00,A,3,24.09,54.71,19.72
2024-05-01T12:49:00,A,3,25.21,52.87,19.71
2024-05-01T12:50:00,A,3,24.31,53.71,19.53
2024-05-01T12:51:00,A,3,24.42,50.98,18.32
2024-05-01T12:52:00,A,3,23.8,54.46,19.56
2024-05-01T12:53:00,A,3,24.34,52.72,18.63
2024-05-01T12:54:00,A,3,24.01,55.39,19.4
2024-05-01T12:55:00,A,3,23.93,51.66,18.16
2024-05-01T12:56:00,A,3,24.25,53.6,19.17
2024-05-01T12:57:00,A,3,23.96,53.98,19.06
2024-05-01T12:58:00,A,3,24.47,52.14,19.8
2024-05-01T12:59:00,A,3,23.92,53.85,19.13
2024-05-01T13:00:00,A,3,24.3,60.71,17.99
2024-05-01T13:01:00,A,3,24.31,60.25,19.81
2024-05-01T13:02:00,A,3,23.8,61.22,19.16
2024-05-01T13:03:00,A,3,24.44,61.03,19.47
2024-05-01T13:04:00,A,3,23.91,63.25,18.88
2024-05-01T13:05:00,A,3,23.86,60.92,19.12
2024-05-01T13:06:00,A,3,24.88,61.24,18.94
2024-05-01T13:07:00,A,3,24.42,61.97,18.79
2024-05-01T13:08:00,A,3,23.93,60.88,18.71
2024-05-01T13:09:00,A,3,23.88,63.15,18.64
2024-05-01T13:10:00,A,3,24.63,61.57,18.84
2024-05-01T13:11:00,A,3,24.32,62.05,17.89
2024-05-01T13:12:00,A,3,24.05,61.9,18.19
2024-05-01T13:13:00,A,3,24.16,62.0,17.87
2024-05-01T13:14:00,A,3,23.98,62.52,18.23
2024-05-01T13:15:00,A,3,23.76,61.48,18.94
2024-05-01T13:16:00,A,3,23.64,62.65,18.85
2024-05-01T13:17:00,A,3,23.76,61.7,18.59
2024-05-01T13:18:00,A,3,24.02,61.56,17.92
2024-05-01T13:19:00,A,3,24.33,62.14,19.0
2024-05-01T13:20:00,A,3,23.64,63.68,18.15
2024-05-01T13:21:00,A,3,23.47,61.66,18.43
2024-05-01T13:22:00,A,3,23.76,60.72,18.62
2024-05-01T13:23:00,A,3,24.08,62.54,18.66
2024-05-01T13:24:00,A,3,23.62,63.94,17.53
2024-05-01T13:25:00,A,3,24.36,59.86,18.33
2024-05-01T13:26:00,A,3,23.4,63.6,18.04
2024-05-01T13:27:00,A,3,23.65,61.8,18.33
2024-05-01T13:28:00,A,3,23.14,61.59,18.57
2024-05-01T13:29:00,A,3,24.47,62.44,18.39
2024-05-01T13:30:00,A,3,24.51,61.44,19.62
2024-05-01T13:31:00,A,3,23.64,63.94,18.75
2024-05-01T13:32:00,A,3,23.38,60.26,18.03
2024-05-01T13:33:00,A,3,23.47,63.57,19.03
2024-05-01T13:34:00,A,3,23.31,63.21,18.86
2024-05-01T13:35:00,A,3,23.64,60.19,18.46
2024-05-01T13:36:00,A,3,23.77,62.25,19.18
2024-05-01T13:37:00,A,3,23.75,63.99,17.63
2024-05-01T13:38:00,A,3,23.72,62.93,18.16
2024-05-01T13:39:00,A,3,23.19,62.32,17.4
2024-05-01T13:40:00,A,3,23.25,63.3,18.48
2024-05-01T13:41:00,A,3,22.46,64.6,18.28
2024-05-01T13:42:00,A,3,24.14,61.57,17.56
2024-05-01T13:43:00,A,3,23.72,64.28,18.55
2024-05-01T13:44:00,A,3,23.57,62.9,17.34
2024-05-01T13:45:00,A,3,23.62,63.01,18.1
2024-05-01T13:46:00,A,3,24.11,62.01,18.71
2024-05-01T13:47:00,A,3,23.61,64.3,18.23
2024-05-01T13:48:00,A,3,23.76,63.48,18.56
2024-05-01T13:49:00,A,3,23.5,62.75,19.7
2024-05-01T13:50:00,A,3,23.8,63.15,18.43
2024-05-01T13:51:00,A,3,23.65,64.57,18.05
2024-05-01T13:52:00,A,3,23.81,62.73,17.26
2024-05-01T13:53:00,A,3,23.12,61.58,18.52
2024-05-01T13:54:00,A,3,23.64,63.35,17.41
2024-05-01T13:55:00,A,3,23.16,62.45,16.66
2024-05-01T13:56:00,A,3,23.57,62.94,18.19
2024-05-01T13:57:00,A,3,23.06,62.09,17.94
2024-05-01T13:58:00,A,3,23.45,63.75,18.74
2024-05-01T13:59:00,A,3,23.31,62.28,18.58
2024-05-01T14:00:00,A,3,23.72,61.52,17.97
2024-05-01T14:01:00,A,3,23.11,61.79,17.51
2024-05-01T14:02:00,A,3,23.7,63.25,18.62
2024-05-01T14:03:00,A,3,23.48,62.76,17.13
2024-05-01T14:04:00,A,3,23.69,63.21,18.86
2024-05-01T14:05:00,A,3,23.26,62.2,18.52
2024-05-01T14:06:00,A,3,23.49,62.56,18.26
2024-05-01T14:07:00,A,3,24.06,63.53,18.25
2024-05-01T14:08:00,A,3,22.86,64.0,17.48
2024-05-01T14:09:00,A,3,23.73,62.36,18.07
2024-05-01T14:10:00,A,3,23.98,61.64,17.88
2024-05-01T14:11:00,A,3,23.04,62.84,17.41
2024-05-01T14:12:00,A,3,24.33,61.15,17.93
2024-05-01T14:13:00,A,3,23.32,61.76,18.97
2024-05-01T14:14:00,A,3,23.79,64.15,18.26
2024-05-01T14:15:00,A,3,23.39,63.26,18.12
2024-05-01T14:16:00,A,3,23.94,63.45,18.23
2024-05-01T14:17:00,A,3,23.78,63.58,18.14
2024-05-01T14:18:00,A,3,22.84,62.53,16.93
2024-05-01T14:19:00,A,3,22.94,62.31,17.89
2024-05-01T14:20:00,A,3,23.53,66.74,17.81
2024-05-01T14:21:00,A,3,23.42,63.55,17.23
2024-05-01T14:22:00,A,3,22.84,63.7,17.46
2024-05-01T14:23:00,A,3,23.42,62.48,17.61
2024-05-01T14:24:00,A,3,23.44,62.98,18.36
2024-05-01T14:25:00,A,3,22.87,61.58,16.93
2024-05-01T14:26:00,A,3,23.74,61.07,18.31
2024-05-01T14:27:00,A,3,23.23,63.03,17.49
2024-05-01T14:28:00,A,3,23.17,62.98,17.78
2024-05-01T14:29:00,A,3,23.24,63.56,18.02
2024-05-01T14:30:00,A,3,22.56,62.75,17.34
2024-05-01T14:31:00,A,3,23.4,60.31,17.91
2024-05-01T14:32:00,A,3,22.52,61.89,17.66
2024-05-01T14:33:00,A,3,23.47,62.02,17.19
2024-05-01T14:34:00,A,3,23.32,62.99,17.12
2024-05-01T14:35:00,A,3,22.56,64.37,16.46
2024-05-01T14:36:00,A,3,23.04,62.74,17.6
2024-05-01T14:37:00,A,3,23.78,63.6,18.0
2024-05-01T14:38:00,A,3,22.78,62.55,17.37
2024-05-01T14:39:00,A,3,23.74,64.4,18.24
2024-05-01T14:40:00,A,3,23.08,63.45,16.82
2024-05-01T14:41:00,A,3,23.03,63.35,17.6
2024-05-01T14:42:00,A,3,22.31,61.6,16.54
2024-05-01T14:43:00,A,3,22.51,63.36,18.03
2024-05-01T14:44:00,A,3,23.08,63.61,18.09
2024-05-01T14:45:00,A,3,22.81,60.5,16.68
2024-05-01T14:46:00,A,3,22.19,63.12,18.12
2024-05-01T14:47:00,A,3,22.84,63.95,18.25
2024-05-01T14:48:00,A,3,22.97,61.88,17.43
2024-05-01T14:49:00,A,3,22.6,64.04,17.62
2024-05-01T14:50:00,A,3,23.5,63.52,17.54
2024-05-01T14:51:00,A,3,23.23,63.68,17.21
2024-05-01T14:52:00,A,3,22.82,63.51,17.7
2024-05-01T14:53:00,A,3,22.66,64.56,16.52
2024-05-01T14:54:00,A,3,23.03,65.14,18.64
2024-05-01T14:55:00,A,3,22.79,64.91,16.82
2024-05-01T14:56:00,A,3,23.05,62.98,16.16
2024-05-01T14:57:00,A,3,22.57,62.11,17.71
2024-05-01T14:58:00,A,3,23.17,66.57,16.51
2024-05-01T14:59:00,A,3,23.12,63.67,16.95
2024-05-01T15:00:00,A,3,23.1,54.06,17.42
2024-05-01T15:01:00,A,3,22.23,53.41,17.17
2024-05-01T15:02:00,A,3,23.24,54.55,17.06
2024-05-01T15:03:00,A,3,23.38,56.19,17.93
2024-05-01T15:04:00,A,3,22.13,56.45,16.97
2024-05-01T15:05:00,A,3,22.57,54.76,18.45
2024-05-01T15:06:00,A,3,22.74,55.9,18.02
2024-05-01T15:07:00,A,3,22.54,54.51,16.71
2024-05-01T15:08:00,A,3,22.57,55.83,16.38
2024-05-01T15:09:00,A,3,22.66,57.59,16.44
2024-05-01T15:10:00,A,3,21.87,54.66,16.44
2024-05-01T15:11:00,A,3,22.21,55.63,16.32
2024-05-01T15:12:00,A,3,22.86,56.43,16.44
2024-05-01T15:13:00,A,3,22.79,55.55,17.63
2024-05-01T15:14:00,A,3,22.47,56.07,17.96
2024-05-01T15:15:00,A,3,22.64,53.5,17.66
2024-05-01T15:16:00,A,3,22.25,54.94,16.64
2024-05-01T15:17:00,A,3,22.99,56.94,17.57
2024-05-01T15:18:00,A,3,22.26,56.97,16.72
2024-05-01T15:19:00,A,3,22.75,54.35,16.83
2024-05-01T15:20:00,A,3,22.97,56.25,16.79
2024-05-01T15:21:00,A,3,22.48,55.62,16.48
2024-05-01T15:22:00,A,3,21.78,54.56,17.5
2024-05-01T15:23:00,A,3,22.73,53.89,16.62
2024-05-01T15:24:00,A,3,22.54,56.55,16.33
2024-05-01T15:25:00,A,3,22.64,51.92,16.9
2024-05-01T15:26:00,A,3,22.27,54.86,17.09
2024-05-01T15:27:00,A,3,21.95,55.4,16.63
2024-05-01T15:28:00,A,3,22.38,55.87,16.6
2024-05-01T15:29:00,A,3,22.68,54.8,17.05
2024-05-01T15:30:00,A,3,22.46,55.18,17.09
2024-05-01T15:31:00,A,3,21.95,54.39,16.45
2024-05-01T15:32:00,A,3,22.98,57.77,16.04
2024-05-01T15:33:00,A,3,22.73,54.0,16.52
2024-05-01T15:34:00,A,3,23.26,56.28,16.64
2024-05-01T15:35:00,A,3,22.34,53.48,17.29
2024-05-01T15:36:00,A,3,22.82,53.45,17.26
2024-05-01T15:37:00,A,3,22.65,53.88,17.69
2024-05-01T15:38:00,A,3,23.02,53.38,16.46
2024-05-01T15:39:00,A,3,22.78,53.22,16.33
2024-05-01T15:40:00,A,3,22.14,55.13,16.67
2024-05-01T15:41:00,A,3,22.38,53.57,16.67
2024-05-01T15:42:00,A,3,22.19,54.47,16.88
2024-05-01T15:43:00,A,3,22.53,55.54,16.04
2024-05-01T15:44:00,A,3,22.67,56.17,16.9
2024-05-01T15:45:00,A,3,22.35,55.33,15.56
2024-05-01T15:46:00,A,3,22.14,52.57,16.97
2024-05-01T15:47:00,A,3,21.85,52.48,16.1
2024-05-01T15:48:00,A,3,23.0,54.77,17.05
2024-05-01T15:49:00,A,3,23.16,55.38,16.27
2024-05-01T15:50:00,A,3,22.6,52.63,17.31
2024-05-01T15:51:00,A,3,21.68,54.93,17.35
2024-05-01T15:52:00,A,3,22.24,56.32,17.02
2024-05-01T15:53:00,A,3,22.27,55.88,16.72
2024-05-01T15:54:00,A,3,23.07,53.84,16.17
2024-05-01T15:55:00,A,3,22.97,56.74,16.36
2024-05-01T15:56:00,A,3,22.46,57.3,16.51
2024-05-01T15:57:00,A,3,22.69,55.15,16.89
2024-05-01T15:58:00,A,3,22.46,54.96,16.66
2024-05-01T15:59:00,A,3,22.57,56.78,16.79
2024-05-01T16:00:00,A,3,22.05,54.88,16.35
2024-05-01T16:01:00,A,3,22.43,56.26,16.96
2024-05-01T16:02:00,A,3,22.24,54.79,15.91
2024-05-01T16:03:00,A,3,22.8,54.49,16.53
2024-05-01T16:04:00,A,3,22.26,54.68,17.3
2024-05-01T16:05:00,A,3,22.06,54.77,16.53
2024-05-01T16:06:00,A,3,22.23,56.96,15.95
2024-05-01T16:07:00,A,3,22.22,55.53,15.23
2024-05-01T16:08:00,A,3,22.3,55.52,17.29
2024-05-01T16:09:00,A,3,21.74,55.37,16.75
2024-05-01T16:10:00,A,3,22.63,55.7,16.47
2024-05-01T16:11:00,A,3,22.74,56.91,15.43
2024-05-01T16:12:00,A,3,22.18,57.23,16.57
2024-05-01T16:13:00,A,3,22.33,56.09,17.35
2024-05-01T16:14:00,A,3,22.99,55.25,17.7
2024-05-01T16:15:00,A,3,22.62,54.04,16.22
2024-05-01T16:16:00,A,3,22.05,57.12,16.68
2024-05-01T16:17:00,A,3,22.74,56.51,16.22
2024-05-01T16:18:00,A,3,22.55,56.89,16.24
2024-05-01T16:19:00,A,3,22.14,57.77,16.07
2024-05-01T16:20:00,A,3,22.23,55.97,16.68
2024-05-01T16:21:00,A,3,22.41,56.9,16.47
2024-05-01T16:22:00,A,3,22.28,54.89,15.85
2024-05-01T16:23:00,A,3,22.64,56.66,16.03
2024-05-01T16:24:00,A,3,22.67,55.68,18.5
2024-05-01T16:25:00,A,3,22.55,55.87,16.77
2024-05-01T16:26:00,A,3,22.69,53.23,15.73
2024-05-01T16:27:00,A,3,22.04,53.99,16.35
2024-05-01T16:28:00,A,3,22.12,55.31,16.19
2024-05-01T16:29:00,A,3,21.71,57.44,15.02
2024-05-01T16:30:00,A,3,22.17,53.22,16.16
2024-05-01T16:31:00,A,3,22.83,57.04,15.76
2024-05-01T16:32:00,A,3,22.58,56.11,16.01
2024-05-01T16:33:00,A,3,21.93,57.73,16.79
2024-05-01T16:34:00,A,3,22.47,56.49,16.26
2024-05-01T16:35:00,A,3,21.65,54.5,18.49
2024-05-01T16:36:00,A,3,21.68,58.86,16.56
2024-05-01T16:37:00,A,3,22.07,56.37,16.67
2024-05-01T16:38:00,A,3,22.31,56.41,16.36
2024-05-01T16:39:00,A,3,21.56,55.45,15.82
2024-05-01T16:40:00,A,3,22.01,55.56,16.64
2024-05-01T16:41:00,A,3,22.78,56.08,16.51
2024-05-01T16:42:00,A,3,21.84,56.23,16.04
2024-05-01T16:43:00,A,3,21.7,54.91,16.52
2024-05-01T16:44:00,A,3,22.45,55.48,15.54
2024-05-01T16:45:00,A,3,22.6,57.28,16.31
2024-05-01T16:46:00,A,3,22.37,58.86,16.98
2024-05-01T16:47:00,A,3,22.52,57.54,17.12
2024-05-01T16:48:00,A,3,21.96,58.25,15.83
2024-05-01T16:49:00,A,3,22.54,56.87,15.19
2024-05-01T16:50:00,A,3,22.47,57.03,17.03
2024-05-01T16:51:00,A,3,22.21,56.71,15.71
2024-05-01T16:52:00,A,3,21.45,56.78,15.5
2024-05-01T16:53:00,A,3,21.93,56.82,15.66
2024-05-01T16:54:00,A,3,22.1,56.67,16.17
2024-05-01T16:55:00,A,3,22.42,57.9,16.08
2024-05-01T16:56:00,A,3,21.54,56.98,16.42
2024-05-01T16:57:00,A,3,21.6,55.57,15.49
2024-05-01T16:58:00,A,3,22.4,57.1,16.87
2024-05-01T16:59:00,A,3,22.16,59.45,16.7
2024-05-01T17:00:00,A,3,22.6,56.57,16.84
2024-05-01T17:01:00,A,3,21.67,56.86,16.29
2024-05-01T17:02:00,A,3,22.26,55.45,15.52
2024-05-01T17:03:00,A,3,22.09,57.03,16.61
2024-05-01T17:04:00,A,3,22.7,58.45,16.11
2024-05-01T17:05:00,A,3,22.1,55.89,16.26
2024-05-01T17:06:00,A,3,22.6,55.83,15.88
2024-05-01T17:07:00,A,3,22.61,57.95,16.62
2024-05-01T17:08:00,A,3,21.87,57.0,16.74
2024-05-01T17:09:00,A,3,22.05,55.49,16.67
2024-05-01T17:10:00,A,3,22.49,55.6,16.77
2024-05-01T17:11:00,A,3,21.35,58.48,16.59
2024-05-01T17:12:00,A,3,21.72,58.96,16.81
2024-05-01T17:13:00,A,3,21.35,57.76,17.19
2024-05-01T17:14:00,A,3,22.32,56.38,15.31
2024-05-01T17:15:00,A,3,22.24,55.92,16.39
2024-05-01T17:16:00,A,3,22.09,58.27,16.65
2024-05-01T17:17:00,A,3,22.5,58.96,16.59
2024-05-01T17:18:00,A,3,22.11,56.89,14.89
2024-05-01T17:19:00,A,3,21.83,60.51,15.81
2024-05-01T17:20:00,A,3,21.82,58.5,16.93
2024-05-01T17:21:00,A,3,21.74,62.02,15.02
2024-05-01T17:22:00,A,3,21.74,56.13,16.07
2024-05-01T17:23:00,A,3,22.01,56.02,15.73
2024-05-01T17:24:00,A,3,22.21,56.34,15.63
2024-05-01T17:25:00,A,3,21.85,56.68,16.64
2024-05-01T17:26:00,A,3,22.02,58.51,15.11
2024-05-01T17:27:00,A,3,21.86,56.36,15.86
2024-05-01T17:28:00,A,3,22.46,58.3,16.41
2024-05-01T17:29:00,A,3,21.84,57.39,16.17
2024-05-01T17:30:00,A,3,21.7,57.42,16.39
2024-05-01T17:31:00,A,3,21.76,58.09,15.76
2024-05-01T17:32:00,A,3,22.04,57.72,16.17
2024-05-01T17:33:00,A,3,21.88,55.76,16.47
2024-05-01T17:34:00,A,3,21.64,56.7,16.41
2024-05-01T17:35:00,A,3,22.05,55.64,15.75
2024-05-01T17:36:00,A,3,22.34,55.05,16.3
2024-05-01T17:37:00,A,3,21.91,58.67,15.16
2024-05-01T17:38:00,A,3,21.19,56.73,15.5
2024-05-01T17:39:00,A,3,22.28,58.38,15.94
2024-05-01T17:40:00,A,3,22.23,56.39,16.03
2024-05-01T17:41:00,A,3,21.48,58.93,16.55
2024-05-01T17:42:00,A,3,22.18,59.33,15.9
2024-05-01T17:43:00,A,3,22.21,57.81,16.0
2024-05-01T17:44:00,A,3,22.35,57.35,15.98
2024-05-01T17:45:00,A,3,22.12,56.05,16.65
2024-05-01T17:46:00,A,3,22.52,57.78,15.74
2024-05-01T17:47:00,A,3,21.3,57.79,16.2
2024-05-01T17:48:00,A,3,21.86,58.62,15.8
2024-05-01T17:49:00,A,3,21.21,57.13,15.63
2024-05-01T17:50:00,A,3,22.04,58.73,17.36
2024-05-01T17:51:00,A,3,22.12,59.04,15.61
2024-05-01T17:52:00,A,3,21.63,58.5,16.81
2024-05-01T17:53:00,A,3,21.6,56.46,15.71
2024-05-01T17:54:00,A,3,21.45,58.03,16.35
2024-05-01T17:55:00,A,3,22.73,56.91,16.52
2024-05-01T17:56:00,A,3,22.28,57.88,16.29
2024-05-01T17:57:00,A,3,22.43,59.13,16.68
2024-05-01T17:58:00,A,3,22.57,60.22,16.28
2024-05-01T17:59:00,A,3,21.83,59.02,15.96
2024-05-01T18:00:00,A,3,22.18,57.46,15.45
2024-05-01T18:01:00,A,3,22.14,59.8,15.63
2024-05-01T18:02:00,A,3,21.15,58.81,15.51
2024-05-01T18:03:00,A,3,21.45,59.79,15.43
2024-05-01T18:04:00,A,3,22.03,56.9,16.64
2024-05-01T18:05:00,A,3,21.91,58.7,16.58
2024-05-01T18:06:00,A,3,22.37,57.52,15.71
2024-05-01T18:07:00,A,3,22.43,59.09,16.11
2024-05-01T18:08:00,A,3,22.52,59.76,15.25
2024-05-01T18:09:00,A,3,22.28,57.62,16.35
2024-05-01T18:10:00,A,3,22.42,58.2,15.32
2024-05-01T18:11:00,A,3,21.97,57.24,15.5
2024-05-01T18:12:00,A,3,21.89,59.32,16.51
2024-05-01T18:13:00,A,3,21.73,59.01,15.23
2024-05-01T18:14:00,A,3,21.16,57.47,15.57
2024-05-01T18:15:00,A,3,22.26,57.08,16.13
2024-05-01T18:16:00,A,3,22.23,58.13,16.49
2024-05-01T18:17:00,A,3,22.41,58.89,16.03
2024-05-01T18:18:00,A,3,22.04,58.71,15.42
2024-05-01T18:19:00,A,3,21.72,58.57,16.04
2024-05-01T18:20:00,A,3,21.86,56.93,15.5
2024-05-01T18:21:00,A,3,22.86,57.08,16.16
2024-05-01T18:22:00,A,3,21.89,57.15,15.76
2024-05-01T18:23:00,A,3,21.69,58.33,15.75
2024-05-01T18:24:00,A,3,22.58,58.53,15.84
2024-05-01T18:25:00,A,3,21.65,58.72,15.5
2024-05-01T18:26:00,A,3,22.35,58.57,15.7
2024-05-01T18:27:00,A,3,21.82,59.44,16.57
2024-05-01T18:28:00,A,3,22.07,59.22,15.95
2024-05-01T18:29:00,A,3,21.93,59.32,15.93
2024-05-01T18:30:00,A,3,22.28,60.07,15.99
2024-05-01T18:31:00,A,3,21.37,58.37,15.42
2024-05-01T18:32:00,A,3,22.66,55.94,15.37
2024-05-01T18:33:00,A,3,21.96,59.68,16.48
2024-05-01T18:34:00,A,3,22.21,59.64,15.73
2024-05-01T18:35:00,A,3,22.23,58.25,16.28
2024-05-01T18:36:00,A,3,21.89,56.82,16.48
2024-05-01T18:37:00,A,3,21.8,57.84,15.48
2024-05-01T18:38:00,A,3,22.71,58.73,17.16
2024-05-01T18:39:00,A,3,22.14,59.48,16.5
2024-05-01T18:40:00,A,3,21.77,60.46,16.11
2024-05-01T18:41:00,A,3,22.8,60.38,17.25
2024-05-01T18:42:00,A,3,22.2,60.53,16.28
2024-05-01T18:43:00,A,3,21.28,59.36,16.57
2024-05-01T18:44:00,A,3,21.95,57.68,15.89
2024-05-01T18:45:00,A,3,22.05,58.88,15.44
2024-05-01T18:46:00,A,3,22.01,60.17,15.73
2024-05-01T18:47:00,A,3,21.21,58.6,15.64
2024-05-01T18:48:00,A,3,21.41,58.41,15.04
2024-05-01T18:49:00,A,3,22.49,58.44,16.23
2024-05-01T18:50:00,A,3,22.08,60.12,15.27
2024-05-01T18:51:00,A,3,21.83,59.48,15.38
2024-05-01T18:52:00,A,3,21.73,60.89,16.13
2024-05-01T18:53:00,A,3,22.15,57.71,15.94
2024-05-01T18:54:00,A,3,22.54,59.2,15.99
2024-05-01T18:55:00,A,3,22.21,59.79,16.17
2024-05-01T18:56:00,A,3,21.45,59.99,14.85
2024-05-01T18:57:00,A,3,22.18,58.09,15.46
2024-05-01T18:58:00,A,3,22.23,59.6,15.95
2024-05-01T18:59:00,A,3,22.03,61.78,15.77
2024-05-01T19:00:00,A,3,22.02,58.04,15.85
2024-05-01T19:01:00,A,3,22.05,60.7,16.4
2024-05-01T19:02:00,A,3,22.17,58.8,15.55
2024-05-01T19:03:00,A,3,23.0,56.37,16.36
2024-05-01T19:04:00,A,3,22.22,59.49,15.82
2024-05-01T19:05:00,A,3,22.02,60.56,16.81
2024-05-01T19:06:00,A,3,21.54,58.03,15.75
2024-05-01T19:07:00,A,3,21.86,59.29,15.85
2024-05-01T19:08:00,A,3,22.54,58.88,15.83
2024-05-01T19:09:00,A,3,22.57,60.5,15.0
2024-05-01T19:10:00,A,3,22.16,57.89,16.67
2024-05-01T19:11:00,A,3,22.13,58.53,15.25
2024-05-01T19:12:00,A,3,22.2,59.1,16.4
2024-05-01T19:13:00,A,3,22.39,60.19,16.75
2024-05-01T19:14:00,A,3,21.84,61.58,16.68
2024-05-01T19:15:00,A,3,21.24,59.66,16.93
2024-05-01T19:16:00,A,3,21.93,58.4,15.06
2024-05-01T19:17:00,A,3,22.08,58.96,16.08
2024-05-01T19:18:00,A,3,22.31,59.79,15.62
2024-05-01T19:19:00,A,3,22.4,59.58,16.71
2024-05-01T19:20:00,A,3,22.7,59.42,16.65
2024-05-01T19:21:00,A,3,21.9,58.06,16.09
2024-05-01T19:22:00,A,3,22.2,60.02,17.17
2024-05-01T19:23:00,A,3,21.33,60.03,16.78
2024-05-01T19:24:00,A,3,22.69,60.62,15.9
2024-05-01T19:25:00,A,3,22.1,59.28,16.59
2024-05-01T19:26:00,A,3,22.43,59.46,16.81
2024-05-01T19:27:00,A,3,22.43,58.94,16.92
2024-05-01T19:28:00,A,3,22.2,59.37,15.31
2024-05-01T19:29:00,A,3,22.09,63.19,16.94
2024-05-01T19:30:00,A,3,21.63,58.41,16.51
2024-05-01T19:31:00,A,3,22.05,57.68,15.43
2024-05-01T19:32:00,A,3,22.38,62.78,17.24
2024-05-01T19:33:00,A,3,21.5,60.69,16.15
2024-05-01T19:34:00,A,3,22.48,58.72,16.61
2024-05-01T19:35:00,A,3,22.85,59.37,16.49
2024-05-01T19:36:00,A,3,22.46,57.83,16.01
2024-05-01T19:37:00,A,3,21.65,59.61,16.74
2024-05-01T19:38:00,A,3,22.15,59.83,16.63
2024-05-01T19:39:00,A,3,22.37,61.48,16.4
2024-05-01T19:40:00,A,3,22.45,59.31,15.37
2024-05-01T19:41:00,A,3,23.05,62.44,16.58
2024-05-01T19:42:00,A,3,22.5,59.3,17.0
2024-05-01T19:43:00,A,3,22.26,60.04,17.09
2024-05-01T19:44:00,A,3,22.47,61.43,16.47
2024-05-01T19:45:00,A,3,22.15,61.14,16.02
2024-05-01T19:46:00,A,3,22.35,60.5,16.74
2024-05-01T19:47:00,A,3,22.22,60.38,17.05
2024-05-01T19:48:00,A,3,22.84,61.49,16.37
2024-05-01T19:49:00,A,3,21.94,59.26,16.29
2024-05-01T19:50:00,A,3,21.9,60.01,15.67
2024-05-01T19:51:00,A,3,22.13,58.55,16.25
2024-05-01T19:52:00,A,3,22.86,60.75,16.6
2024-05-01T19:53:00,A,3,22.46,60.42,17.09
2024-05-01T19:54:00,A,3,22.61,59.29,16.41
2024-05-01T19:55:00,A,3,21.85,59.55,17.56
2024-05-01T19:56:00,A,3,22.01,59.09,16.18
2024-05-01T19:57:00,A,3,21.78,61.46,16.57
2024-05-01T19:58:00,A,3,22.77,61.3,17.46
2024-05-01T19:59:00,A,3,22.06,58.63,15.53
2024-05-01T20:00:00,A,3,23.0,62.3,15.8
2024-05-01T20:01:00,A,3,22.83,58.66,16.05
2024-05-01T20:02:00,A,3,21.48,60.52,15.99
2024-05-01T20:03:00,A,3,23.5,60.21,16.15
2024-05-01T20:04:00,A,3,22.97,60.52,17.42
2024-05-01T20:05:00,A,3,21.93,60.9,16.62
2024-05-01T20:06:00,A,3,22.87,61.16,16.47
2024-05-01T20:07:00,A,3,22.86,59.89,17.59
2024-05-01T20:08:00,A,3,21.6,60.93,16.24
2024-05-01T20:09:00,A,3,21.67,62.1,16.15
2024-05-01T20:10:00,A,3,22.77,61.25,16.57
2024-05-01T20:11:00,A,3,22.33,61.5,15.29
2024-05-01T20:12:00,A,3,22.22,60.06,17.0
2024-05-01T20:13:00,A,3,22.49,60.09,16.01
2024-05-01T20:14:00,A,3,23.5,61.1,16.67
2024-05-01T20:15:00,A,3,22.36,63.18,16.63
2024-05-01T20:16:00,A,3,22.14,61.2,16.92
2024-05-01T20:17:00,A,3,22.52,61.74,16.53
2024-05-01T20:18:00,A,3,22.71,59.76,16.04
2024-05-01T20:19:00,A,3,22.84,60.31,17.77
2024-05-01T20:20:00,A,3,22.5,60.09,16.81
2024-05-01T20:21:00,A,3,22.1,58.82,17.08
2024-05-01T20:22:00,A,3,22.51,60.13,16.29
2024-05-01T20:23:00,A,3,22.72,61.22,16.94
2024-05-01T20:24:00,A,3,22.63,63.47,17.38
2024-05-01T20:25:00,A,3,22.55,60.27,16.04
2024-05-01T20:26:00,A,3,22.83,59.43,16.72
2024-05-01T20:27:00,A,3,22.23,60.14,17.64
2024-05-01T20:28:00,A,3,22.7,62.36,17.39
2024-05-01T20:29:00,A,3,23.24,62.19,16.91
2024-05-01T20:30:00,A,3,23.07,59.11,17.14
2024-05-01T20:31:00,A,3,22.52,60.48,16.36
2024-05-01T20:32:00,A,3,22.95,60.79,16.8
2024-05-01T20:33:00,A,3,22.85,61.8,16.88
2024-05-01T20:34:00,A,3,22.0,61.59,16.54
2024-05-01T20:35:00,A,3,22.74,61.09,17.1
2024-05-01T20:36:00,A,3,22.32,59.21,17.09
2024-05-01T20:37:00,A,3,22.76,62.94,16.24
2024-05-01T20:38:00,A,3,22.77,63.55,17.58
2024-05-01T20:39:00,A,3,22.31,62.02,17.66
2024-05-01T20:40:00,A,3,23.22,63.49,17.26
2024-05-01T20:41:00,A,3,22.41,61.37,16.25
2024-05-01T20:42:00,A,3,22.13,60.59,16.98
2024-05-01T20:43:00,A,3,22.7,59.58,16.45
2024-05-01T20:44:00,A,3,22.94,62.13,16.92
2024-05-01T20:45:00,A,3,22.9,60.46,17.57
2024-05-01T20:46:00,A,3,22.06,61.69,17.22
2024-05-01T20:47:00,A,3,22.96,60.73,17.12
2024-05-01T20:48:00,A,3,22.45,60.23,16.58
2024-05-01T20:49:00,A,3,22.99,60.84,17.05
2024-05-01T20:50:00,A,3,22.49,62.23,17.33
2024-05-01T20:51:00,A,3,22.86,61.64,16.86
2024-05-01T20:52:00,A,3,23.02,62.44,17.88
2024-05-01T20:53:00,A,3,23.53,63.34,17.04
2024-05-01T20:54:00,A,3,22.34,62.26,17.88
2024-05-01T20:55:00,A,3,23.05,60.49,17.24
2024-05-01T20:56:00,A,3,23.78,61.07,17.47
2024-05-01T20:57:00,A,3,23.68,63.37,16.5
2024-05-01T20:58:00,A,3,22.75,61.54,16.22
2024-05-01T20:59:00,A,3,22.57,60.2,17.31
2024-05-01T21:00:00,A,3,22.92,62.21,17.23
2024-05-01T21:01:00,A,3,23.29,61.89,16.29
2024-05-01T21:02:00,A,3,22.83,61.23,17.16
2024-05-01T21:03:00,A,3,22.34,60.88,17.54
2024-05-01T21:04:00,A,3,22.81,62.74,18.15
2024-05-01T21:05:00,A,3,22.66,61.47,17.12
2024-05-01T21:06:00,A,3,22.69,60.39,15.83
2024-05-01T21:07:00,A,3,23.12,60.72,17.95
2024-05-01T21:08:00,A,3,23.42,61.92,18.15
2024-05-01T21:09:00,A,3,22.61,61.35,17.91
2024-05-01T21:10:00,A,3,23.31,64.01,16.51
2024-05-01T21:11:00,A,3,22.49,62.06,17.85
2024-05-01T21:12:00,A,3,22.73,61.69,17.84
2024-05-01T21:13:00,A,3,22.73,62.6,17.72
2024-05-01T21:14:00,A,3,23.59,62.76,18.25
2024-05-01T21:15:00,A,3,23.1,63.83,17.18
2024-05-01T21:16:00,A,3,22.87,61.35,17.92
2024-05-01T21:17:00,A,3,23.19,63.49,16.87
2024-05-01T21:18:00,A,3,23.02,62.21,17.08
2024-05-01T21:19:00,A,3,23.06,61.5,17.09
2024-05-01T21:20:00,A,3,22.92,61.91,17.98
2024-05-01T21:21:00,A,3,22.94,61.02,17.12
2024-05-01T21:22:00,A,3,23.41,63.13,16.43
2024-05-01T21:23:00,A,3,22.8,62.31,17.79
2024-05-01T21:24:00,A,3,23.06,63.4,17.81
2024-05-01T21:25:00,A,3,22.18,62.97,16.52
2024-05-01T21:26:00,A,3,23.57,61.46,16.77
2024-05-01T21:27:00,A,3,23.06,62.33,16.71
2024-05-01T21:28:00,A,3,23.08,63.18,17.46
2024-05-01T21:29:00,A,3,23.66,61.77,17.48
2024-05-01T21:30:00,A,3,22.82,63.31,16.82
2024-05-01T21:31:00,A,3,22.84,62.56,17.75
2024-05-01T21:32:00,A,3,22.79,63.05,17.21
2024-05-01T21:33:00,A,3,23.35,63.13,18.01
2024-05-01T21:34:00,A,3,23.22,60.57,17.21
2024-05-01T21:35:00,A,3,22.55,61.55,18.08
2024-05-01T21:36:00,A,3,23.19,62.88,17.53
2024-05-01T21:37:00,A,3,23.44,63.15,18.24
2024-05-01T21:38:00,A,3,23.46,62.87,17.86
2024-05-01T21:39:00,A,3,22.91,62.59,17.05
2024-05-01T21:40:00,A,3,23.83,60.57,17.52
2024-05-01T21:41:00,A,3,23.04,61.72,17.02
2024-05-01T21:42:00,A,3,22.65,63.55,17.26
2024-05-01T21:43:00,A,3,22.76,63.51,17.51
2024-05-01T21:44:00,A,3,23.39,62.63,18.19
2024-05-01T21:45:00,A,3,22.72,62.38,17.5
2024-05-01T21:46:00,A,3,22.52,61.16,17.2
2024-05-01T21:47:00,A,3,22.71,63.26,17.86
2024-05-01T21:48:00,A,3,22.79,63.03,16.98
2024-05-01T21:49:00,A,3,23.19,62.27,17.87
2024-05-01T21:50:00,A,3,23.72,61.8,16.66
2024-05-01T21:51:00,A,3,23.54,61.2,18.18
2024-05-01T21:52:00,A,3,23.62,62.31,17.28
2024-05-01T21:53:00,A,3,23.76,61.56,18.19
2024-05-01T21:54:00,A,3,23.92,63.02,18.24
2024-05-01T21:55:00,A,3,23.72,64.58,18.09
2024-05-01T21:56:00,A,3,22.79,60.59,17.02
2024-05-01T21:57:00,A,3,23.31,60.29,18.53
2024-05-01T21:58:00,A,3,22.95,58.92,17.75
2024-05-01T21:59:00,A,3,24.04,61.9,17.57
2024-05-01T22:00:00,A,3,24.39,62.09,17.27
2024-05-01T22:01:00,A,3,23.56,63.04,17.71
2024-05-01T22:02:00,A,3,22.86,64.25,18.2
2024-05-01T22:03:00,A,3,23.02,62.21,18.02
2024-05-01T22:04:00,A,3,24.1,60.87,18.64
2024-05-01T22:05:00,A,3,23.55,63.84,17.03
2024-05-01T22:06:00,A,3,24.16,60.47,18.28
2024-05-01T22:07:00,A,3,23.72,61.24,18.52
2024-05-01T22:08:00,A,3,23.03,62.85,18.37
2024-05-01T22:09:00,A,3,23.73,62.94,18.59
2024-05-01T22:10:00,A,3,24.19,61.28,17.01
2024-05-01T22:11:00,A,3,23.89,62.21,17.49
2024-05-01T22:12:00,A,3,23.81,61.08,18.49
2024-05-01T22:13:00,A,3,23.34,63.21,17.81
2024-05-01T22:14:00,A,3,23.49,60.92,18.73
2024-05-01T22:15:00,A,3,24.23,61.65,16.75
2024-05-01T22:16:00,A,3,23.45,61.68,18.23
2024-05-01T22:17:00,A,3,23.69,59.79,18.07
2024-05-01T22:18:00,A,3,23.9,64.56,18.0
2024-05-01T22:19:00,A,3,23.47,62.34,19.54
2024-05-01T22:20:00,A,3,23.27,62.43,17.84
2024-05-01T22:21:00,A,3,23.85,62.2,18.58
2024-05-01T22:22:00,A,3,24.09,64.21,18.82
2024-05-01T22:23:00,A,3,23.91,62.01,17.7
2024-05-01T22:24:00,A,3,23.32,63.54,18.09
2024-05-01T22:25:00,A,3,24.09,64.36,18.13
2024-05-01T22:26:00,A,3,24.19,62.37,18.67
2024-05-01T22:27:00,A,3,24.15,63.26,18.33
2024-05-01T22:28:00,A,3,24.69,63.05,18.74
2024-05-01T22:29:00,A,3,23.94,63.3,17.62
2024-05-01T22:30:00,A,3,23.4,64.1,18.39
2024-05-01T22:31:00,A,3,24.51,60.91,18.91
2024-05-01T22:32:00,A,3,22.7,63.13,19.12
2024-05-01T22:33:00,A,3,23.93,61.63,18.56
2024-05-01T22:34:00,A,3,23.84,62.47,18.03
2024-05-01T22:35:00,A,3,23.69,61.41,18.9
2024-05-01T22:36:00,A,3,23.44,62.67,20.32
2024-05-01T22:37:00,A,3,23.57,61.8,19.39
2024-05-01T22:38:00,A,3,22.33,61.86,18.87
2024-05-01T22:39:00,A,3,23.81,62.57,18.73
2024-05-01T22:40:00,A,3,24.09,63.52,19.53
2024-05-01T22:41:00,A,3,24.2,63.45,18.6
2024-05-01T22:42:00,A,3,23.96,62.44,19.6
2024-05-01T22:43:00,A,3,23.43,65.11,18.87
2024-05-01T22:44:00,A,3,23.94,62.88,19.14
2024-05-01T22:45:00,A,3,23.72,59.15,18.37
2024-05-01T22:46:00,A,3,23.2,61.74,19.64
2024-05-01T22:47:00,A,3,24.3,64.36,18.18
2024-05-01T22:48:00,A,3,24.02,63.2,18.28
2024-05-01T22:49:00,A,3,24.15,64.73,18.4
2024-05-01T22:50:00,A,3,24.15,63.47,19.35
2024-05-01T22:51:00,A,3,23.87,62.07,18.84
2024-05-01T22:52:00,A,3,23.86,63.99,18.95
2024-05-01T22:53:00,A,3,24.13,63.33,19.2
2024-05-01T22:54:00,A,3,24.27,61.78,18.31
2024-05-01T22:55:00,A,3,24.4,61.76,19.11
2024-05-01T22:56:00,A,3,24.0,63.1,18.1
2024-05-01T22:57:00,A,3,23.78,64.13,18.23
2024-05-01T22:58:00,A,3,24.45,63.14,19.25
2024-05-01T22:59:00,A,3,24.37,62.95,19.17
2024-05-01T23:00:00,A,3,23.98,62.2,19.16
2024-05-01T23:01:00,A,3,24.87,63.18,19.36
2024-05-01T23:02:00,A,3,25.02,63.51,18.6
2024-05-01T23:03:00,A,3,24.37,61.85,18.16
2024-05-01T23:04:00,A,3,24.12,63.34,19.52
2024-05-01T23:05:00,A,3,24.37,62.93,19.62
2024-05-01T23:06:00,A,3,24.65,61.22,19.36
2024-05-01T23:07:00,A,3,24.28,63.72,18.51
2024-05-01T23:08:00,A,3,24.12,62.43,18.88
2024-05-01T23:09:00,A,3,24.97,63.41,18.18
2024-05-01T23:10:00,A,3,24.43,62.84,19.4
2024-05-01T23:11:00,A,3,23.22,63.7,19.27
2024-05-01T23:12:00,A,3,23.72,62.29,19.01
2024-05-01T23:13:00,A,3,24.15,62.37,20.33
2024-05-01T23:14:00,A,3,24.23,66.05,20.02
2024-05-01T23:15:00,A,3,24.67,61.75,19.02
2024-05-01T23:16:00,A,3,23.73,65.38,19.74
2024-05-01T23:17:00,A,3,24.45,63.68,19.47
2024-05-01T23:18:00,A,3,24.59,62.64,19.37
2024-05-01T23:19:00,A,3,23.37,62.16,20.39
2024-05-01T23:20:00,A,3,24.5,60.38,19.94
2024-05-01T23:21:00,A,3,24.89,64.1,18.79
2024-05-01T23:22:00,A,3,24.77,63.58,19.16
2024-05-01T23:23:00,A,3,24.07,63.27,19.05
2024-05-01T23:24:00,A,3,24.23,64.44,19.65
2024-05-01T23:25:00,A,3,24.8,63.86,20.25
2024-05-01T23:26:00,A,3,24.82,63.96,19.11
2024-05-01T23:27:00,A,3,24.45,60.96,20.81
2024-05-01T23:28:00,A,3,24.64,61.71,19.68
2024-05-01T23:29:00,A,3,24.2,63.53,19.51
2024-05-01T23:30:00,A,3,25.35,64.81,18.72
2024-05-01T23:31:00,A,3,25.22,62.92,19.12
2024-05-01T23:32:00,A,3,24.51,63.56,20.53
2024-05-01T23:33:00,A,3,24.03,65.12,18.49
2024-05-01T23:34:00,A,3,24.67,65.61,20.04
2024-05-01T23:35:00,A,3,24.26,64.24,19.56
2024-05-01T23:36:00,A,3,24.19,63.79,19.62
2024-05-01T23:37:00,A,3,24.8,62.35,19.55
2024-05-01T23:38:00,A,3,24.84,64.64,19.72
2024-05-01T23:39:00,A,3,24.3,63.06,18.55
2024-05-01T23:40:00,A,3,24.25,61.92,20.5
2024-05-01T23:41:00,A,3,24.37,60.25,20.35
2024-05-01T23:42:00,A,3,25.06,62.02,18.8
2024-05-01T23:43:00,A,3,24.84,64.32,20.72
2024-05-01T23:44:00,A,3,24.55,62.52,19.4
2024-05-01T23:45:00,A,3,24.53,64.26,19.79
2024-05-01T23:46:00,A,3,25.08,60.29,19.59
2024-05-01T23:47:00,A,3,24.7,62.51,19.73
2024-05-01T23:48:00,A,3,24.55,65.37,20.1
2024-05-01T23:49:00,A,3,24.94,63.41,19.47
2024-05-01T23:50:00,A,3,24.66,63.74,18.93
2024-05-01T23:51:00,A,3,24.83,60.86,19.78
2024-05-01T23:52:00,A,3,25.42,62.56,19.32
2024-05-01T23:53:00,A,3,24.9,61.57,19.8
2024-05-01T23:54:00,A,3,24.09,64.22,20.71
2024-05-01T23:55:00,A,3,24.91,64.19,20.21
2024-05-01T23:56:00,A,3,24.59,62.82,19.56
2024-05-01T23:57:00,A,3,25.32,63.05,20.29
2024-05-01T23:58:00,A,3,24.96,61.46,19.84
2024-05-01T23:59:00,A,3,25.12,62.1,20.29
2024-05-02T00:00:00,A,3,25.27,65.25,19.5
2024-05-02T00:01:00,A,3,25.44,62.73,19.53
2024-05-02T00:02:00,A,3,24.82,62.77,20.53
2024-05-02T00:03:00,A,3,25.67,63.04,20.7
2024-05-02T00:04:00,A,3,25.65,62.46,19.96
2024-05-02T00:05:00,A,3,24.97,61.07,19.58
2024-05-02T00:06:00,A,3,23.7,60.39,19.32
2024-05-02T00:07:00,A,3,25.02,64.72,19.53
2024-05-02T00:08:00,A,3,24.67,64.04,20.55
2024-05-02T00:09:00,A,3,25.05,62.72,20.64
2024-05-02T00:10:00,A,3,24.9,62.72,19.96
2024-05-02T00:11:00,A,3,25.44,63.57,20.03
2024-05-02T00:12:00,A,3,25.23,64.12,20.75
2024-05-02T00:13:00,A,3,24.38,63.91,20.16
2024-05-02T00:14:00,A,3,25.08,63.48,19.25
2024-05-02T00:15:00,A,3,24.75,62.79,19.93
2024-05-02T00:16:00,A,3,25.1,62.95,21.22
2024-05-02T00:17:00,A,3,25.23,64.4,20.01
2024-05-02T00:18:00,A,3,25.09,64.4,20.43
2024-05-02T00:19:00,A,3,25.2,64.37,20.98
2024-05-02T00:20:00,A,3,25.86,61.65,19.59
2024-05-02T00:21:00,A,3,25.41,62.45,20.75
2024-05-02T00:22:00,A,3,25.01,61.53,20.79
2024-05-02T00:23:00,A,3,25.4,62.81,21.0
2024-05-02T00:24:00,A,3,24.47,62.57,20.39
2024-05-02T00:25:00,A,3,25.5,64.04,20.24
2024-05-02T00:26:00,A,3,25.78,63.53,21.02
2024-05-02T00:27:00,A,3,25.58,63.54,20.57
2024-05-02T00:28:00,A,3,24.94,63.72,19.58
2024-05-02T00:29:00,A,3,25.05,62.7,19.67
2024-05-02T00:30:00,A,3,25.35,62.15,20.03
2024-05-02T00:31:00,A,3,25.95,63.46,20.43
2024-05-02T00:32:00,A,3,25.72,64.9,20.76
2024-05-02T00:33:00,A,3,26.13,62.92,20.09
2024-05-02T00:34:00,A,3,26.21,61.42,19.94
2024-05-02T00:35:00,A,3,25.3,63.9,20.3
2024-05-02T00:36:00,A,3,25.57,64.07,21.03
2024-05-02T00:37:00,A,3,25.43,61.84,19.57
2024-05-02T00:38:00,A,3,25.59,62.53,20.6
2024-05-02T00:39:00,A,3,25.17,64.55,21.42
2024-05-02T00:40:00,A,3,25.06,59.23,20.14
2024-05-02T00:41:00,A,3,25.1,62.44,21.34
2024-05-02T00:42:00,A,3,25.05,63.27,19.36
2024-05-02T00:43:00,A,3,25.39,62.18,20.31
2024-05-02T00:44:00,A,3,25.68,61.35,21.27
2024-05-02T00:45:00,A,3,26.4,61.71,20.05
2024-05-02T00:46:00,A,3,26.07,61.83,20.74
2024-05-02T00:47:00,A,3,25.41,63.13,20.18
2024-05-02T00:48:00,A,3,24.72,62.26,21.23
2024-05-02T00:49:00,A,3,26.63,62.47,21.14
2024-05-02T00:50:00,A,3,25.64,62.32,21.25
2024-05-02T00:51:00,A,3,26.05,63.6,20.92
2024-05-02T00:52:00,A,3,25.71,63.53,21.01
2024-05-02T00:53:00,A,3,25.71,63.99,19.31
2024-05-02T00:54:00,A,3,26.32,61.52,21.69
2024-05-02T00:55:00,A,3,24.8,64.03,20.03
2024-05-02T00:56:00,A,3,25.8,64.15,21.7
2024-05-02T00:57:00,A,3,26.04,66.07,21.14
2024-05-02T00:58:00,A,3,25.18,61.57,21.28
2024-05-02T00:59:00,A,3,25.37,62.76,20.57
2024-05-02T01:00:00,A,3,24.72,63.36,21.52
2024-05-02T01:01:00,A,3,25.75,63.37,21.07
2024-05-02T01:02:00,A,3,26.16,61.62,22.01
2024-05-02T01:03:00,A,3,25.72,63.31,20.28
2024-05-02T01:04:00,A,3,25.04,63.35,21.57
2024-05-02T01:05:00,A,3,25.52,63.65,21.83
2024-05-02T01:06:00,A,3,25.99,64.4,21.58
2024-05-02T01:07:00,A,3,25.17,61.52,20.89
2024-05-02T01:08:00,A,3,26.23,61.13,21.89
2024-05-02T01:09:00,A,3,26.17,63.92,21.59
2024-05-02T01:10:00,A,3,25.75,64.69,21.5
2024-05-02T01:11:00,A,3,25.28,62.94,20.85
2024-05-02T01:12:00,A,3,25.46,62.05,22.39
2024-05-02T01:13:00,A,3,25.01,63.71,21.54
2024-05-02T01:14:00,A,3,25.31,65.67,21.0
2024-05-02T01:15:00,A,3,26.36,63.46,21.52
2024-05-02T01:16:00,A,3,25.8,62.32,22.12
2024-05-02T01:17:00,A,3,26.03,64.67,20.09
2024-05-02T01:18:00,A,3,25.66,65.88,21.17
2024-05-02T01:19:00,A,3,25.74,61.65,21.55
2024-05-02T01:20:00,A,3,25.78,62.95,22.28
2024-05-02T01:21:00,A,3,25.71,63.02,21.68
2024-05-02T01:22:00,A,3,25.84,64.5,21.44
2024-05-02T01:23:00,A,3,25.86,62.8,21.67
2024-05-02T01:24:00,A,3,25.82,61.24,21.3
2024-05-02T01:25:00,A,3,26.68,62.82,22.32
2024-05-02T01:26:00,A,3,26.51,63.96,20.52
2024-05-02T01:27:00,A,3,26.02,63.02,21.04
2024-05-02T01:28:00,A,3,25.98,64.35,21.93
2024-05-02T01:29:00,A,3,26.57,63.48,20.75
2024-05-02T01:30:00,A,3,25.09,64.55,22.26
2024-05-02T01:31:00,A,3,25.55,63.32,21.7
2024-05-02T01:32:00,A,3,25.67,64.11,22.0
2024-05-02T01:33:00,A,3,26.49,62.25,22.17
2024-05-02T01:34:00,A,3,25.51,62.28,21.16
2024-05-02T01:35:00,A,3,26.21,62.94,22.6
2024-05-02T01:36:00,A,3,25.94,62.12,21.35
2024-05-02T01:37:00,A,3,26.02,61.98,21.76
2024-05-02T01:38:00,A,3,26.38,62.13,20.92
2024-05-02T01:39:00,A,3,26.26,63.6,21.56
2024-05-02T01:40:00,A,3,25.98,62.94,21.07
2024-05-02T01:41:00,A,3,26.1,62.6,21.15
2024-05-02T01:42:00,A,3,26.18,61.87,22.96
2024-05-02T01:43:00,A,3,26.24,62.71,22.42
2024-05-02T01:44:00,A,3,26.14,62.91,21.56
2024-05-02T01:45:00,A,3,26.06,61.47,22.75
2024-05-02T01:46:00,A,3,26.17,62.7,22.19
2024-05-02T01:47:00,A,3,27.16,61.25,21.88
2024-05-02T01:48:00,A,3,26.6,62.38,21.49
2024-05-02T01:49:00,A,3,26.26,61.72,23.36
2024-05-02T01:50:00,A,3,26.57,62.63,20.22
2024-05-02T01:51:00,A,3,25.96,63.83,22.7
2024-05-02T01:52:00,A,3,26.67,62.52,21.39
2024-05-02T01:53:00,A,3,27.27,63.85,21.73
2024-05-02T01:54:00,A,3,26.55,62.76,21.58
2024-05-02T01:55:00,A,3,26.81,60.1,22.06
2024-05-02T01:56:00,A,3,26.64,62.5,22.14
2024-05-02T01:57:00,A,3,26.73,62.18,21.87
2024-05-02T01:58:00,A,3,26.9,61.85,21.4
2024-05-02T01:59:00,A,3,26.14,63.02,21.62
2024-05-02T02:00:00,A,3,26.68,61.59,21.59
2024-05-02T02:01:00,A,3,26.72,61.99,22.84
2024-05-02T02:02:00,A,3,26.47,62.83,21.87
2024-05-02T02:03:00,A,3,25.99,60.38,21.79
2024-05-02T02:04:00,A,3,26.1,63.01,22.57
2024-05-02T02:05:00,A,3,26.54,63.92,21.93
2024-05-02T02:06:00,A,3,26.93,62.28,21.2
2024-05-02T02:07:00,A,3,27.24,62.56,22.04
2024-05-02T02:08:00,A,3,26.41,63.02,21.89
2024-05-02T02:09:00,A,3,26.5,60.11,20.69
2024-05-02T02:10:00,A,3,27.33,64.55,22.24
2024-05-02T02:11:00,A,3,26.61,64.12,21.71
2024-05-02T02:12:00,A,3,26.25,61.79,21.62
2024-05-02T02:13:00,A,3,26.83,64.39,22.27
2024-05-02T02:14:00,A,3,26.55,61.27,22.27
2024-05-02T02:15:00,A,3,26.39,62.55,21.53
2024-05-02T02:16:00,A,3,26.65,60.79,22.44
2024-05-02T02:17:00,A,3,26.75,62.64,22.08
2024-05-02T02:18:00,A,3,27.55,62.08,22.18
2024-05-02T02:19:00,A,3,26.49,61.99,22.94
2024-05-02T02:20:00,A,3,26.33,63.64,22.81
2024-05-02T02:21:00,A,3,26.88,62.6,23.19
2024-05-02T02:22:00,A,3,27.07,61.19,22.06
2024-05-02T02:23:00,A,3,27.24,63.49,22.83
2024-05-02T02:24:00,A,3,27.0,62.12,22.69
2024-05-02T02:25:00,A,3,26.38,63.17,21.77
2024-05-02T02:26:00,A,3,26.91,61.25,22.05
2024-05-02T02:27:00,A,3,26.88,61.23,23.91
2024-05-02T02:28:00,A,3,26.37,60.99,22.66
2024-05-02T02:29:00,A,3,26.87,63.07,21.51
2024-05-02T02:30:00,A,3,27.11,60.33,22.14
2024-05-02T02:31:00,A,3,26.94,61.91,21.4
2024-05-02T02:32:00,A,3,26.66,60.94,22.79
2024-05-02T02:33:00,A,3,27.6,62.71,22.44
2024-05-02T02:34:00,A,3,26.49,62.97,22.29
2024-05-02T02:35:00,A,3,27.38,59.77,22.37
2024-05-02T02:36:00,A,3,26.87,62.56,23.13
2024-05-02T02:37:00,A,3,26.78,60.33,21.57
2024-05-02T02:38:00,A,3,26.84,61.17,22.04
2024-05-02T02:39:00,A,3,26.27,61.74,23.01
2024-05-02T02:40:00,A,3,27.31,62.57,22.73
2024-05-02T02:41:00,A,3,26.36,59.46,21.76
2024-05-02T02:42:00,A,3,26.99,60.39,22.89
2024-05-02T02:43:00,A,3,27.8,61.15,22.89
2024-05-02T02:44:00,A,3,26.82,61.5,22.47
2024-05-02T02:45:00,A,3,26.48,61.49,22.97
2024-05-02T02:46:00,A,3,27.29,61.17,23.78
2024-05-02T02:47:00,A,3,26.83,60.4,23.19
2024-05-02T02:48:00,A,3,26.49,60.15,23.51
2024-05-02T02:49:00,A,3,26.45,60.65,23.24
2024-05-02T02:50:00,A,3,27.25,61.55,23.01
2024-05-02T02:51:00,A,3,26.38,62.0,21.92
2024-05-02T02:52:00,A,3,26.36,60.29,23.08
2024-05-02T02:53:00,A,3,27.46,61.79,22.7
2024-05-02T02:54:00,A,3,26.43,61.48,21.89
2024-05-02T02:55:00,A,3,26.98,60.27,22.46
2024-05-02T02:56:00,A,3,27.04,61.9,22.29
2024-05-02T02:57:00,A,3,27.22,61.09,22.97
2024-05-02T02:58:00,A,3,26.78,63.01,22.7
2024-05-02T02:59:00,A,3,27.15,62.72,22.99
2024-05-02T03:00:00,A,3,27.09,62.53,22.93
2024-05-02T03:01:00,A,3,27.19,62.01,23.05
2024-05-02T03:02:00,A,3,27.96,62.6,22.16
2024-05-02T03:03:00,A,3,27.16,62.05,22.79
2024-05-02T03:04:00,A,3,27.27,61.87,23.69
2024-05-02T03:05:00,A,3,26.98,60.56,22.17
2024-05-02T03:06:00,A,3,27.22,60.43,22.91
2024-05-02T03:07:00,A,3,26.56,62.75,23.65
2024-05-02T03:08:00,A,3,27.71,60.67,23.48
2024-05-02T03:09:00,A,3,26.79,60.79,23.68
2024-05-02T03:10:00,A,3,26.93,62.68,22.27
2024-05-02T03:11:00,A,3,27.02,63.14,22.24
2024-05-02T03:12:00,A,3,26.52,60.17,22.52
2024-05-02T03:13:00,A,3,27.33,60.68,22.99
2024-05-02T03:14:00,A,3,26.71,61.85,23.57
2024-05-02T03:15:00,A,3,27.37,61.16,22.57
2024-05-02T03:16:00,A,3,26.6,62.49,24.07
2024-05-02T03:17:00,A,3,27.38,58.76,22.83
2024-05-02T03:18:00,A,3,27.69,63.22,23.06
2024-05-02T03:19:00,A,3,26.71,60.97,23.05
2024-05-02T03:20:00,A,3,26.77,60.92,22.04
2024-05-02T03:21:00,A,3,27.24,61.11,23.29
2024-05-02T03:22:00,A,3,27.07,61.43,23.26
2024-05-02T03:23:00,A,3,27.32,60.71,23.24
2024-05-02T03:24:00,A,3,27.82,60.73,23.04
2024-05-02T03:25:00,A,3,27.56,62.74,23.17
2024-05-02T03:26:00,A,3,26.97,60.69,22.56
2024-05-02T03:27:00,A,3,27.55,62.42,23.62
2024-05-02T03:28:00,A,3,27.7,57.34,23.47
2024-05-02T03:29:00,A,3,27.61,61.98,22.69
2024-05-02T03:30:00,A,3,27.32,61.44,23.51
2024-05-02T03:31:00,A,3,27.48,59.97,22.45
2024-05-02T03:32:00,A,3,27.03,60.75,24.27
2024-05-02T03:33:00,A,3,26.56,61.17,22.97
2024-05-02T03:34:00,A,3,27.53,62.93,23.02
2024-05-02T03:35:00,A,3,27.28,61.9,23.48
2024-05-02T03:36:00,A,3,27.69,60.98,23.82
2024-05-02T03:37:00,A,3,27.41,61.94,24.0
2024-05-02T03:38:00,A,3,27.35,59.34,24.0
2024-05-02T03:39:00,A,3,27.63,60.32,24.13
2024-05-02T03:40:00,A,3,28.27,63.02,22.8
2024-05-02T03:41:00,A,3,27.8,60.74,23.57
2024-05-02T03:42:00,A,3,26.9,61.27,22.22
2024-05-02T03:43:00,A,3,28.1,61.35,24.06
2024-05-02T03:44:00,A,3,28.06,62.05,23.05
2024-05-02T03:45:00,A,3,27.64,59.32,24.73
2024-05-02T03:46:00,A,3,27.6,60.31,24.02
2024-05-02T03:47:00,A,3,27.52,60.4,23.6
2024-05-02T03:48:00,A,3,26.58,61.78,22.8
2024-05-02T03:49:00,A,3,28.25,62.82,23.16
2024-05-02T03:50:00,A,3,28.0,62.31,22.27
2024-05-02T03:51:00,A,3,27.51,61.03,22.58
2024-05-02T03:52:00,A,3,27.35,61.02,22.04
2024-05-02T03:53:00,A,3,27.72,62.35,23.79
2024-05-02T03:54:00,A,3,27.75,59.86,23.13
2024-05-02T03:55:00,A,3,27.81,59.59,24.01
2024-05-02T03:56:00,A,3,27.89,59.27,23.64
2024-05-02T03:57:00,A,3,28.08,60.54,24.08
2024-05-02T03:58:00,A,3,27.98,58.66,24.16
2024-05-02T03:59:00,A,3,27.71,61.06,22.84
2024-05-02T04:00:00,A,3,27.83,59.36,22.74
2024-05-02T04:01:00,A,3,27.13,60.36,24.32
2024-05-02T04:02:00,A,3,27.55,58.81,22.86
2024-05-02T04:03:00,A,3,27.5,61.08,24.56
2024-05-02T04:04:00,A,3,28.07,58.95,23.04
2024-05-02T04:05:00,A,3,28.38,58.11,22.79
2024-05-02T04:06:00,A,3,27.87,59.53,23.9
2024-05-02T04:07:00,A,3,27.67,60.14,23.86
2024-05-02T04:08:00,A,3,27.81,59.77,22.47
2024-05-02T04:09:00,A,3,27.36,61.94,22.81
2024-05-02T04:10:00,A,3,27.37,59.43,22.33
2024-05-02T04:11:00,A,3,26.76,59.8,23.23
2024-05-02T04:12:00,A,3,27.16,60.09,22.98
2024-05-02T04:13:00,A,3,27.36,58.89,23.74
2024-05-02T04:14:00,A,3,28.19,59.2,22.53
2024-05-02T04:15:00,A,3,28.07,62.36,23.75
2024-05-02T04:16:00,A,3,27.85,60.51,23.86
2024-05-02T04:17:00,A,3,27.76,59.96,23.13
2024-05-02T04:18:00,A,3,27.93,59.02,22.58
2024-05-02T04:19:00,A,3,28.0,60.28,23.63
2024-05-02T04:20:00,A,3,27.24,61.53,24.1
2024-05-02T04:21:00,A,3,27.94,59.99,24.19
2024-05-02T04:22:00,A,3,27.81,60.87,23.41
2024-05-02T04:23:00,A,3,27.39,60.72,23.64
2024-05-02T04:24:00,A,3,27.51,60.13,23.86
2024-05-02T04:25:00,A,3,27.67,60.66,24.06
2024-05-02T04:26:00,A,3,27.58,59.4,23.85
2024-05-02T04:27:00,A,3,27.75,60.8,24.14
2024-05-02T04:28:00,A,3,27.57,60.41,22.35
2024-05-02T04:29:00,A,3,27.57,57.8,23.92
2024-05-02T04:30:00,A,3,28.09,57.64,23.5
2024-05-02T04:31:00,A,3,27.12,57.76,23.32
2024-05-02T04:32:00,A,3,27.75,59.4,23.5
2024-05-02T04:33:00,A,3,28.56,59.67,23.19
2024-05-02T04:34:00,A,3,27.57,58.51,23.64
2024-05-02T04:35:00,A,3,27.54,59.85,23.48
2024-05-02T04:36:00,A,3,28.2,59.47,23.61
2024-05-02T04:37:00,A,3,28.14,61.77,22.94
2024-05-02T04:38:00,A,3,27.78,61.5,24.03
2024-05-02T04:39:00,A,3,27.74,61.94,23.05
2024-05-02T04:40:00,A,3,28.51,58.38,24.01
2024-05-02T04:41:00,A,3,27.67,58.04,23.77
2024-05-02T04:42:00,A,3,27.88,57.86,23.43
2024-05-02T04:43:00,A,3,27.83,61.44,23.93
2024-05-02T04:44:00,A,3,28.52,58.22,24.01
2024-05-02T04:45:00,A,3,27.76,59.75,23.54
2024-05-02T04:46:00,A,3,27.5,58.9,23.24
2024-05-02T04:47:00,A,3,27.73,60.43,24.19
2024-05-02T04:48:00,A,3,27.17,59.45,23.45
2024-05-02T04:49:00,A,3,27.81,59.61,23.49
2024-05-02T04:50:00,A,3,27.71,58.28,23.26
2024-05-02T04:51:00,A,3,27.83,59.56,24.43
2024-05-02T04:52:00,A,3,28.48,58.88,24.19
2024-05-02T04:53:00,A,3,27.74,59.46,24.22
2024-05-02T04:54:00,A,3,27.95,59.91,24.42
2024-05-02T04:55:00,A,3,28.03,57.82,24.49
2024-05-02T04:56:00,A,3,27.77,61.16,24.8
2024-05-02T04:57:00,A,3,27.81,61.05,23.95
2024-05-02T04:58:00,A,3,27.7,59.3,24.33
2024-05-02T04:59:00,A,3,28.22,57.38,23.73
2024-05-02T05:00:00,A,3,27.59,59.4,23.59
2024-05-02T05:01:00,A,3,27.83,60.03,24.3
2024-05-02T05:02:00,A,3,27.28,60.08,23.59
2024-05-02T05:03:00,A,3,27.68,59.14,23.56
2024-05-02T05:04:00,A,3,27.82,58.03,23.47
2024-05-02T05:05:00,A,3,27.39,57.93,23.57
2024-05-02T05:06:00,A,3,27.33,60.98,23.74
2024-05-02T05:07:00,A,3,27.62,58.74,24.83
2024-05-02T05:08:00,A,3,28.32,57.21,24.15
2024-05-02T05:09:00,A,3,28.47,58.1,24.64
2024-05-02T05:10:00,A,3,27.64,58.65,24.37
2024-05-02T05:11:00,A,3,27.49,57.91,25.42
2024-05-02T05:12:00,A,3,27.93,58.04,24.2
2024-05-02T05:13:00,A,3,27.22,61.14,23.94
2024-05-02T05:14:00,A,3,27.38,59.79,24.02
2024-05-02T05:15:00,A,3,27.99,59.11,25.09
2024-05-02T05:16:00,A,3,28.58,59.01,23.12
2024-05-02T05:17:00,A,3,28.31,59.76,23.99
2024-05-02T05:18:00,A,3,28.68,60.41,23.91
2024-05-02T05:19:00,A,3,28.67,59.59,24.8
2024-05-02T05:20:00,A,3,28.61,57.2,25.22
2024-05-02T05:21:00,A,3,27.42,59.72,24.65
2024-05-02T05:22:00,A,3,28.39,57.21,23.9
2024-05-02T05:23:00,A,3,28.04,56.82,23.36
2024-05-02T05:24:00,A,3,27.7,59.82,24.62
2024-05-02T05:25:00,A,3,27.97,58.01,23.67
2024-05-02T05:26:00,A,3,28.0,59.13,23.45
2024-05-02T05:27:00,A,3,27.27,57.8,24.01
2024-05-02T05:28:00,A,3,28.15,61.05,24.56
2024-05-02T05:29:00,A,3,28.13,58.22,24.07
2024-05-02T05:30:00,A,3,27.81,57.7,23.99
2024-05-02T05:31:00,A,3,27.8,58.65,24.73
2024-05-02T05:32:00,A,3,27.74,57.02,23.75
2024-05-02T05:33:00,A,3,28.13,59.75,24.05
2024-05-02T05:34:00,A,3,28.1,59.3,23.38
2024-05-02T05:35:00,A,3,28.35,58.37,24.24
2024-05-02T05:36:00,A,3,28.06,57.18,24.27
2024-05-02T05:37:00,A,3,28.68,58.76,24.28
2024-05-02T05:38:00,A,3,28.49,57.37,23.71
2024-05-02T05:39:00,A,3,27.73,59.3,24.25
2024-05-02T05:40:00,A,3,27.67,58.16,25.74
2024-05-02T05:41:00,A,3,27.81,58.52,25.23
2024-05-02T05:42:00,A,3,28.6,58.19,23.71
2024-05-02T05:43:00,A,3,27.98,58.78,24.42
2024-05-02T05:44:00,A,3,28.15,59.65,24.4
2024-05-02T05:45:00,A,3,28.4,59.34,24.13
2024-05-02T05:46:00,A,3,27.56,58.26,23.92
2024-05-02T05:47:00,A,3,28.31,59.44,24.31
2024-05-02T05:48:00,A,3,28.12,59.03,24.94
2024-05-02T05:49:00,A,3,28.09,57.81,23.36
2024-05-02T05:50:00,A,3,28.83,58.49,24.06
2024-05-02T05:51:00,A,3,28.16,59.33,24.28
2024-05-02T05:52:00,A,3,28.47,57.18,23.52
2024-05-02T05:53:00,A,3,27.67,59.53,23.55
2024-05-02T05:54:00,A,3,28.34,60.25,23.44
2024-05-02T05:55:00,A,3,28.42,58.97,24.67
2024-05-02T05:56:00,A,3,27.97,59.32,24.24
2024-05-02T05:57:00,A,3,28.15,58.83,23.73
2024-05-02T05:58:00,A,3,27.57,57.41,23.06
2024-05-02T05:59:00,A,3,28.11,57.1,23.26
